purchase_month,month_label,product_category,order_lines,orders,customers,products_sold,active_sellers,gmv_brl,goods_brl,freight_brl,avg_line_value_brl,freight_share_pct,pct_of_month_gmv,lines_missing_category,lines_missing_translation
2017-03-01,2017-03,computers_accessories,174,150,149,94,39,31873.84,28624.60,3249.24,183.18298850574712,10.194065101663307,7.377373919910258,0,0
2017-03-01,2017-03,fashion_shoes,14,13,13,11,3,1746.18,1515.00,231.18,124.72714285714285,13.239184963749441,0.4041628743655893,0,0
2017-03-01,2017-03,fashion_bags_accessories,68,62,61,53,18,5893.33,4861.16,1032.17,86.66661764705883,17.514206738804717,1.364043335959041,0,0
2017-03-01,2017-03,home_appliances_2,2,2,2,2,2,568.43,500.90,67.53,284.215,11.880090776348892,0.1315662203642419,0,0
2017-03-01,2017-03,music,1,1,1,1,1,42.51,27.99,14.52,42.51,34.15666901905434,0.009839171098787753,0,0
2017-03-01,2017-03,watches_gifts,81,76,76,62,7,28066.55,26770.38,1296.17,346.5006172839506,4.618202094664289,6.496155906908526,0,0
2017-03-01,2017-03,cool_stuff,123,121,121,78,41,23389.43,21095.21,2294.22,190.1579674796748,9.808789696884448,5.413611001484809,0,0
2017-03-01,2017-03,garden_tools,150,121,120,52,32,27004.32,23747.15,3257.17,180.0288,12.061662726556344,6.250296986271844,0,0
2017-03-01,2017-03,books_general_interest,25,20,20,11,6,3087.56,2648.96,438.60,123.5024,14.2053919599943,0.7146325833397581,0,0
2017-03-01,2017-03,housewares,204,178,174,105,46,17180.85,13511.81,3669.04,84.21985294117647,21.355404418291297,3.976601335511823,0,0
2017-03-01,2017-03,sports_leisure,199,171,168,135,62,31309.60,27001.59,4308.01,157.33467336683418,13.75939009121803,7.246777497873561,0,0
2017-03-01,2017-03,electronics,37,32,32,22,17,4655.16,3986.00,669.16,125.81513513513514,14.374586480378763,1.0774621437834109,0,0
2017-03-01,2017-03,health_beauty,211,193,193,115,50,29852.87,25995.25,3857.62,141.4827962085308,12.922107656650768,6.9096094029609025,0,0
2017-03-01,2017-03,fashion_sport,1,1,1,1,1,54.01,39.90,14.11,54.01,26.124791705239772,0.012500908751953107,0,0
2017-03-01,2017-03,office_furniture,78,60,60,37,5,14463.49,11783.51,2679.98,185.42935897435896,18.52927612906705,3.3476535590591787,0,0
2017-03-01,2017-03,fixed_telephony,21,15,15,13,10,1919.13,1592.35,326.78,91.38714285714286,17.02750725589199,0.4441930941147152,0,0
2017-03-01,2017-03,drinks,5,4,4,4,3,568.43,463.87,104.56,113.686,18.39452527136147,0.1315662203642419,0,0
2017-03-01,2017-03,musical_instruments,10,9,9,9,7,1887.51,1667.33,220.18,188.751,11.665103761039676,0.436874472845751,0,0
2017-03-01,2017-03,fashion_underwear_beach,6,6,6,6,4,460.62,394.14,66.48,76.77,14.432721115018888,0.10661300850443696,0,0
2017-03-01,2017-03,home_confort,13,12,12,9,4,2380.79,2123.40,257.39,183.1376923076923,10.811117318201102,0.5510468162851775,0,0
2017-03-01,2017-03,furniture_decor,328,265,259,221,74,29506.43,23477.63,6028.80,89.95862804878048,20.432156651956877,6.829423977520676,0,0
2017-03-01,2017-03,telephony,172,159,158,91,22,10731.96,8121.05,2610.91,62.39511627906977,24.32836126858468,2.483970610805604,0,0
2017-03-01,2017-03,home_comfort_2,3,3,3,3,2,390.89,342.88,48.01,130.29666666666665,12.28222773670342,0.09047362010833086,0,0
2017-03-01,2017-03,tablets_printing_image,5,5,5,3,1,587.91,495.00,92.91,117.582,15.80343930193397,0.1360749724932559,0,0
2017-03-01,2017-03,market_place,17,17,17,15,12,2075.96,1808.59,267.37,122.11529411764705,12.879342569220986,0.48049225204044754,0,0
2017-03-01,2017-03,toys,103,100,100,58,24,14354.03,12429.47,1924.56,139.35951456310679,13.407802547437896,3.322318445710007,0,0
2017-03-01,2017-03,home_appliances,10,9,9,5,4,466.25,313.30,152.95,46.625,32.80428954423593,0.10791610267724748,0,0
2017-03-01,2017-03,stationery,56,56,56,44,19,6994.89,5902.62,1092.27,124.90875,15.6152562799415,1.6190053993695477,0,0
2017-03-01,2017-03,bed_bath_table,289,249,243,162,25,30650.01,25773.02,4876.99,106.05539792387543,15.911870828100872,7.094111798860401,0,0
2017-03-01,2017-03,air_conditioning,17,16,16,7,4,4390.56,4103.81,286.75,258.26823529411763,6.531057541634779,1.0162190322157978,0,0
2017-03-01,2017-03,furniture_living_room,24,17,17,14,5,4035.67,3324.00,711.67,168.15291666666667,17.634494396221694,0.9340778082391149,0,0
2017-03-01,2017-03,books_technical,2,2,2,2,2,103.74,75.00,28.74,51.87,27.703875072296125,0.0240111881860325,0,0
2017-03-01,2017-03,industry_commerce_and_business,2,2,2,1,1,282.03,238.00,44.03,141.015,15.611814345991563,0.06527738002801953,0,0
2017-03-01,2017-03,art,5,5,5,4,4,320.84,223.25,97.59,64.168,30.417030295474383,0.07426016596883235,0,0
2017-03-01,2017-03,fashion_male_clothing,9,7,7,9,4,721.36,580.80,140.56,80.1511111111111,19.4854164356216,0.16696270204237906,0,0
2017-03-01,2017-03,signaling_and_security,1,1,1,1,1,91.23,75.00,16.23,91.23,17.790200591910555,0.0211156805302848,0,0
2017-03-01,2017-03,food_drink,5,5,5,5,4,168.89,110.80,58.09,33.778,34.39516845283913,0.03909051062983448,0,0
2017-03-01,2017-03,construction_tools_construction,4,4,4,3,3,895.42,773.40,122.02,223.855,13.627124701257511,0.20724983733889746,0,0
2017-03-01,2017-03,luggage_accessories,38,35,35,12,5,7378.39,5924.01,1454.38,194.16815789473685,19.711346242201888,1.7077685637164097,0,0
2017-03-01,2017-03,dvds_blu_ray,5,4,4,5,3,1963.43,1873.70,89.73,392.686,4.570063613166754,0.4544465704656043,0,0
2017-03-01,2017-03,agro_industry_and_commerce,2,2,2,2,2,110.69,81.99,28.70,55.345,25.928268136236337,0.02561980355033678,0,0
2017-03-01,2017-03,consoles_games,50,48,48,30,16,11743.86,10768.84,975.02,234.8772,8.302380988874186,2.718180378739345,0,0
2017-03-01,2017-03,construction_tools_safety,2,2,2,1,1,425.76,380.00,45.76,212.88,10.7478391582112,0.09854447158362442,0,0
2017-03-01,2017-03,home_construction,10,5,5,4,3,718.69,591.96,126.73,71.869,17.633472011576618,0.1663447159959485,0,0
2017-03-01,2017-03,fashio_female_clothing,1,1,1,1,1,30.86,19.90,10.96,30.86,35.51523007128969,0.007142715128407201,0,0
2017-03-01,2017-03,pet_shop,45,41,41,36,18,9151.69,8369.96,781.73,203.37088888888889,8.541919579880874,2.118208509834507,0,0
2017-03-01,2017-03,unknown,63,57,57,40,36,7791.09,6714.17,1076.92,123.66809523809523,13.822456164670156,1.8032902271478306,63,0
2017-03-01,2017-03,small_appliances,31,31,31,20,12,12028.55,11171.06,857.49,388.01774193548385,7.128789421833887,2.7840734302593138,0,0
2017-03-01,2017-03,auto,87,76,76,51,34,16755.73,14482.07,2273.66,192.59459770114944,13.569447585989987,3.878204995414983,0,0
2017-03-01,2017-03,perfumery,106,104,104,50,14,21595.40,19808.13,1787.27,203.7301886792453,8.276160663845078,4.998372983927571,0,0
2017-03-01,2017-03,baby,44,43,43,38,25,4486.33,3724.08,762.25,101.96204545454546,16.99050225908482,1.0383855204804626,0,0
2017-03-01,2017-03,audio,14,13,13,7,5,1367.40,1134.77,232.63,97.67142857142858,17.0125786163522,0.3164921797337656,0,0
2017-03-01,2017-03,food,24,22,22,8,5,3158.99,2667.56,491.43,131.62458333333333,15.55655446835856,0.7311654459976364,0,0
2017-03-01,2017-03,kitchen_dining_laundry_garden_furniture,3,3,3,3,2,169.05,113.98,55.07,56.35,32.576160899142266,0.03912754350153069,0,0
2018-03-01,2018-03,fashion_bags_accessories,139,131,129,99,30,12765.84,10261.58,2504.26,91.84057553956835,19.616883808664372,1.1051461864594225,0,0
2018-03-01,2018-03,kitchen_dining_laundry_garden_furniture,12,12,12,8,7,3602.02,2842.66,759.36,300.16833333333335,21.081504267050157,0.3118289643729335,0,0
2018-03-01,2018-03,stationery,164,146,144,112,41,16051.13,13152.74,2898.39,97.87274390243903,18.0572333536642,1.3895556506947002,0,0
2018-03-01,2018-03,home_appliances,70,70,67,45,7,11350.26,9876.59,1473.67,162.14657142857143,12.983579230784141,0.9825986033291132,0,0
2018-03-01,2018-03,air_conditioning,25,24,24,16,11,3208.87,2667.58,541.29,128.3548,16.86855497418094,0.277793740431029,0,0
2018-03-01,2018-03,christmas_supplies,12,12,12,7,4,1194.29,854.95,339.34,99.52416666666667,28.41353440119234,0.10339037924857462,0,0
2018-03-01,2018-03,pet_shop,124,110,110,71,32,16345.24,13643.69,2701.55,131.81645161290322,16.528053427175127,1.4150169242888846,0,0
2018-03-01,2018-03,tablets_printing_image,3,2,2,2,2,287.29,259.29,28.00,95.76333333333334,9.746249434369451,0.02487086223138685,0,0
2018-03-01,2018-03,home_comfort_2,1,1,1,1,1,44.33,34.99,9.34,44.33,21.069253327317846,0.003837673858182948,0,0
2018-03-01,2018-03,market_place,17,16,16,12,9,1855.19,1548.74,306.45,109.12882352941176,16.518523709161865,0.16060487626804473,0,0
2018-03-01,2018-03,toys,234,222,220,141,60,27718.70,23407.40,4311.30,118.4559829059829,15.553759736206965,2.3996239650984816,0,0
2018-03-01,2018-03,fashion_sport,1,1,1,1,1,97.39,89.90,7.49,97.39,7.69072800082144,0.00843110888897896,0,0
2018-03-01,2018-03,computers_accessories,758,638,631,266,87,100661.31,85673.53,14987.78,132.79856200527703,14.889315467879367,8.714308096491084,0,0
2018-03-01,2018-03,la_cuisine,1,1,1,1,1,426.70,389.00,37.70,426.7,8.835247246308882,0.03693966693631094,0,0
2018-03-01,2018-03,fixed_telephony,14,12,12,9,9,2200.84,1930.59,270.25,157.20285714285714,12.279402409988913,0.19052799760982086,0,0
2018-03-01,2018-03,home_confort,21,21,21,10,4,3060.62,2522.38,538.24,145.74380952380952,17.585979311381355,0.26495965178957576,0,0
2018-03-01,2018-03,drinks,21,20,20,7,6,1268.52,962.70,305.82,60.40571428571429,24.108409800397315,0.10981651348031206,0,0
2018-03-01,2018-03,telephony,344,329,328,165,43,31271.76,25804.89,5466.87,90.90627906976744,17.481811065318997,2.707214433822946,0,0
2018-03-01,2018-03,housewares,407,338,338,253,112,46646.88,37514.44,9132.44,114.61149877149877,19.57781527939275,4.03824750601843,0,0
2018-03-01,2018-03,art,7,7,7,6,6,581.66,461.50,120.16,83.09428571428572,20.658116425403158,0.050354644176645466,0,0
2018-03-01,2018-03,unknown,135,127,126,55,29,20026.74,17378.11,2648.63,148.34622222222222,13.225467549885801,1.733726518444096,135,0
2018-03-01,2018-03,furniture_living_room,19,19,18,14,7,4279.80,3521.87,757.93,225.25263157894736,17.70947240525258,0.37050477280061767,0,0
2018-03-01,2018-03,furniture_mattress_and_upholstery,4,4,4,1,1,584.93,440.00,144.93,146.2325,24.77732378233293,0.05063772997669641,0,0
2018-03-01,2018-03,small_appliances_home_oven_and_coffee,7,7,7,6,4,8220.48,7890.90,329.58,1174.3542857142857,4.009254934018451,0.7116517301537505,0,0
2018-03-01,2018-03,books_technical,17,17,17,15,5,1232.47,913.47,319.00,72.49823529411765,25.882982952931915,0.10669564403326727,0,0
2018-03-01,2018-03,industry_commerce_and_business,29,26,26,11,7,3607.83,2922.45,685.38,124.40793103448276,18.997014826086595,0.312331939448865,0,0
2018-03-01,2018-03,luggage_accessories,57,52,52,41,16,7406.85,5911.77,1495.08,129.94473684210527,20.185098928694384,0.6412153082896993,0,0
2018-03-01,2018-03,food_drink,19,17,17,13,10,2623.50,2350.77,272.73,138.07894736842104,10.395654659805603,0.22711791939866827,0,0
2018-03-01,2018-03,construction_tools_construction,71,52,52,48,23,12244.21,10549.38,1694.83,172.453661971831,13.841889350149991,1.0599883742635288,0,0
2018-03-01,2018-03,books_imported,3,2,2,2,1,284.69,259.00,25.69,94.89666666666666,9.023850504057044,0.024645778720642983,0,0
2018-03-01,2018-03,signaling_and_security,9,7,7,7,7,1079.56,921.90,157.66,119.95111111111112,14.604097965837935,0.09345813648409618,0,0
2018-03-01,2018-03,furniture_bedroom,6,6,6,5,4,1265.69,1071.80,193.89,210.94833333333332,15.318916954388515,0.10957151873592545,0,0
2018-03-01,2018-03,garden_tools,262,205,204,72,48,34094.44,27612.25,6482.19,130.1314503816794,19.012454816679785,2.9515754815562154,0,0
2018-03-01,2018-03,costruction_tools_garden,23,20,20,17,8,2971.37,2497.23,474.14,129.19,15.956949151401542,0.25723322743038723,0,0
2018-03-01,2018-03,watches_gifts,430,416,414,180,35,106696.69,97861.08,8835.61,248.13183720930232,8.281053517217826,9.236794449980826,0,0
2018-03-01,2018-03,cine_photo,7,6,6,4,2,846.54,711.79,134.75,120.93428571428572,15.91773572424221,0.07328545968658229,0,0
2018-03-01,2018-03,food,35,33,33,8,6,2068.59,1559.90,508.69,59.10257142857143,24.591146626446033,0.17907903826525298,0,0
2018-03-01,2018-03,costruction_tools_tools,9,8,8,4,4,1154.77,931.30,223.47,128.30777777777777,19.3519055742702,0.09996910988526783,0,0
2018-03-01,2018-03,fashion_shoes,12,12,12,10,3,1525.22,1252.80,272.42,127.10166666666667,17.861029884213426,0.13203918163721623,0,0
2018-03-01,2018-03,baby,224,217,216,125,61,47163.94,41985.74,5178.20,210.55330357142856,10.979150596833088,4.0830096906589,0,0
2018-03-01,2018-03,perfumery,202,186,185,104,40,23814.11,20473.25,3340.86,117.89163366336633,14.028909751403685,2.0616013400156357,0,0
2018-03-01,2018-03,audio,34,33,33,7,6,11264.37,10606.69,657.68,331.305,5.838586623131165,0.9751630561222706,0,0
2018-03-01,2018-03,construction_tools_lights,13,12,12,5,5,3138.15,2536.70,601.45,241.39615384615385,19.16575052180425,0.2716714689387958,0,0
2018-03-01,2018-03,flowers,3,3,3,1,1,136.41,89.67,46.74,45.47,34.26435012095887,0.011809092961758087,0,0
2018-03-01,2018-03,home_appliances_2,12,12,12,12,10,6085.99,5648.20,437.79,507.16583333333335,7.193406495902885,0.526867690596951,0,0
2018-03-01,2018-03,cool_stuff,256,242,242,111,59,43913.06,38353.22,5559.84,171.535390625,12.66101701862726,3.8015791201177374,0,0
2018-03-01,2018-03,music,2,2,2,2,2,362.36,323.97,38.39,181.18,10.594436472016778,0.03136971575121076,0,0
2018-03-01,2018-03,diapers_and_hygiene,6,2,2,2,1,248.61,163.00,85.61,41.435,34.43546116407224,0.02152231215616654,0,0
2018-03-01,2018-03,party_supplies,6,5,5,4,3,1070.29,913.90,156.39,178.38166666666666,14.6119276084052,0.09265562719771323,0,0
2018-03-01,2018-03,dvds_blu_ray,2,2,2,1,1,89.71,49.80,39.91,44.855,44.487794002898234,0.007766246826473997,0,0
2018-03-01,2018-03,agro_industry_and_commerce,28,25,25,13,4,6567.09,6019.00,548.09,234.53892857142858,8.346010181069545,0.5685167971426721,0,0
2018-03-01,2018-03,auto,344,325,322,253,87,52812.75,44753.24,8059.51,153.52543604651163,15.260538411652488,4.572030454630081,0,0
2018-03-01,2018-03,consoles_games,58,54,54,28,17,13078.06,11858.72,1219.34,225.48379310344828,9.323554105119568,1.132175253276519,0,0
2018-03-01,2018-03,construction_tools_safety,22,13,13,12,7,5789.78,5374.87,414.91,263.1718181818182,7.166248113054382,0.5012246187825506,0,0
2018-03-01,2018-03,home_construction,44,34,33,21,12,6766.89,5639.51,1127.38,153.79295454545453,16.660238307405617,0.5858135992375278,0,0
2018-03-01,2018-03,fashio_female_clothing,4,1,1,1,1,154.52,119.96,34.56,38.63,22.366036758995598,0.013376886184670181,0,0
2018-03-01,2018-03,fashion_childrens_clothes,2,2,2,1,1,96.56,79.98,16.58,48.28,17.17067108533554,0.008359255306703034,0,0
2018-03-01,2018-03,health_beauty,673,621,619,293,126,102991.21,90034.41,12956.80,153.0330014858841,12.580491092395166,8.916008893291906,0,0
2018-03-01,2018-03,office_furniture,202,151,151,81,11,39722.58,31301.62,8420.96,196.64643564356436,21.199428637314092,3.438806831616982,0,0
2018-03-01,2018-03,furniture_decor,595,442,431,272,87,65847.66,52244.04,13603.62,110.66833613445378,20.65923071526004,5.700470187334062,0,0
2018-03-01,2018-03,electronics,261,244,244,94,31,16951.12,12554.80,4396.32,64.94681992337165,25.93527743299558,1.46746830793869,0,0
2018-03-01,2018-03,fashion_underwear_beach,5,5,5,5,2,368.41,289.40,79.01,73.682,21.44621481501588,0.03189346776659553,0,0
2018-03-01,2018-03,musical_instruments,55,51,51,41,21,12125.77,10822.20,1303.57,220.46854545454545,10.750410077050777,1.0497349546433352,0,0
2018-03-01,2018-03,small_appliances,37,36,36,23,17,15034.91,14260.15,774.76,406.3489189189189,5.15307374636762,1.301580894814649,0,0
2018-03-01,2018-03,sports_leisure,761,672,664,451,150,100283.39,85292.17,14991.22,131.77843626806833,14.948856435746738,8.681591342498653,0,0
2018-03-01,2018-03,books_general_interest,39,34,33,27,16,2288.66,1711.93,576.73,58.68358974358974,25.19946169374219,0.19813062603810028,0,0
2018-03-01,2018-03,bed_bath_table,798,670,657,434,68,84107.25,69256.39,14850.86,105.39755639097744,17.65705096766331,7.281213503466225,0,0
2017-05-01,2017-05,drinks,1,1,1,1,1,112.95,90.00,22.95,112.95,20.318725099601593,0.01926846533539967,0,0
2017-05-01,2017-05,watches_gifts,135,126,126,111,15,40377.04,37973.90,2403.14,299.08918518518516,5.951748815663556,6.888035374821123,0,0
2017-05-01,2017-05,tablets_printing_image,7,7,7,4,3,1607.02,1514.98,92.04,229.5742857142857,5.727371159039714,0.2741461634643114,0,0
2017-05-01,2017-05,costruction_tools_tools,2,2,2,2,2,834.30,803.90,30.40,417.15,3.643773223061249,0.14232563638179677,0,0
2017-05-01,2017-05,books_general_interest,20,19,19,12,6,2199.17,1841.57,357.60,109.9585,16.260680165698876,0.375162734941575,0,0
2017-05-01,2017-05,furniture_living_room,34,29,28,18,9,6240.77,4929.43,1311.34,183.55205882352942,21.012471217493992,1.0646309022682798,0,0
2017-05-01,2017-05,air_conditioning,8,7,7,7,7,1186.69,1016.77,169.92,148.33625,14.318819573772425,0.20244085992798083,0,0
2017-05-01,2017-05,home_appliances,28,28,24,17,5,2371.03,1912.79,458.24,84.67964285714285,19.326621763537364,0.40448082659754475,0,0
2017-05-01,2017-05,stationery,66,62,61,52,13,7147.63,6049.98,1097.65,108.29742424242424,15.356838560473891,1.219334757726983,0,0
2017-05-01,2017-05,bed_bath_table,369,329,320,202,35,39705.14,33346.45,6358.69,107.6020054200542,16.014777935551923,6.7734140214890735,0,0
2017-05-01,2017-05,furniture_mattress_and_upholstery,3,3,3,3,2,731.88,595.89,135.99,243.96,18.580914904082636,0.12485351402985666,0,0
2017-05-01,2017-05,arts_and_craftmanship,1,1,1,1,1,29.66,21.99,7.67,29.66,25.85974376264329,0.005059784699849085,0,0
2017-05-01,2017-05,sports_leisure,316,266,263,189,81,42376.95,36163.50,6213.45,134.10427215189873,14.662334122677542,7.229205773306464,0,0
2017-05-01,2017-05,fashion_underwear_beach,7,6,6,3,3,369.26,283.50,85.76,52.75142857142857,23.224828034447274,0.06299312536298966,0,0
2017-05-01,2017-05,electronics,68,62,62,45,16,7958.75,6709.11,1249.64,117.0404411764706,15.70146065651013,1.357706051244906,0,0
2017-05-01,2017-05,market_place,22,21,21,16,13,2859.28,2476.98,382.30,129.96727272727273,13.370498866847598,0.4877727982665035,0,0
2017-05-01,2017-05,musical_instruments,21,19,19,15,9,10534.16,10019.43,514.73,501.62666666666667,4.886293733909491,1.7970526498234067,0,0
2017-05-01,2017-05,furniture_decor,279,234,227,204,67,29971.21,24028.51,5942.70,107.4236917562724,19.828028297823145,5.112874908764798,0,0
2017-05-01,2017-05,health_beauty,290,267,262,145,61,52801.02,46786.02,6015.00,182.07248275862068,11.391825385191423,9.007477853419607,0,0
2017-05-01,2017-05,food,3,3,3,2,2,452.25,387.90,64.35,150.75,14.228855721393035,0.07715062813576362,0,0
2017-05-01,2017-05,fashion_shoes,22,22,22,20,4,2014.89,1669.54,345.35,91.58590909090908,17.139893492945024,0.34372587976665286,0,0
2017-05-01,2017-05,kitchen_dining_laundry_garden_furniture,9,9,9,6,5,1637.21,1304.48,332.73,181.91222222222223,20.32298849872649,0.2792963623883992,0,0
2017-05-01,2017-05,la_cuisine,1,1,1,1,1,232.19,193.00,39.19,232.19,16.878418536543347,0.039609959860349264,0,0
2017-05-01,2017-05,computers_accessories,320,260,258,148,53,51306.32,45634.78,5671.54,160.33225,11.054271676471826,8.752492681778865,0,0
2017-05-01,2017-05,fashion_childrens_clothes,1,1,1,1,1,124.52,110.00,14.52,124.52,11.660777385159012,0.02124222490981821,0,0
2017-05-01,2017-05,home_construction,7,5,5,6,2,1731.60,1620.50,111.10,247.37142857142857,6.416031416031417,0.295398623946685,0,0
2017-05-01,2017-05,fashio_female_clothing,5,5,5,5,3,485.63,422.40,63.23,97.126,13.020200564215555,0.08284501833404287,0,0
2017-05-01,2017-05,consoles_games,29,26,26,18,13,2947.24,2507.20,440.04,101.62896551724138,14.930579118090147,0.5027781476326102,0,0
2017-05-01,2017-05,audio,17,17,17,9,7,2333.19,2081.18,252.01,137.2464705882353,10.80109206708412,0.398025592172653,0,0
2017-05-01,2017-05,pet_shop,73,66,66,59,22,9646.52,8151.02,1495.50,132.1441095890411,15.503000045612303,1.6456275894399257,0,0
2017-05-01,2017-05,auto,125,106,104,70,43,21631.70,18640.03,2991.67,173.0536,13.830027228558087,3.6902139140837984,0,0
2017-05-01,2017-05,unknown,96,86,86,61,42,12715.22,10961.94,1753.28,132.45020833333334,13.788829450060637,2.1691259477820326,96,0
2017-05-01,2017-05,small_appliances,18,16,16,14,12,5727.35,5241.44,485.91,318.18611111111113,8.48402839009315,0.9770451079123621,0,0
2017-05-01,2017-05,dvds_blu_ray,4,4,4,4,1,150.60,89.60,61.00,37.65,40.50464807436919,0.025691287113866226,0,0
2017-05-01,2017-05,agro_industry_and_commerce,4,4,4,3,2,1763.74,1579.94,183.80,440.935,10.4210371143139,0.30088147897882084,0,0
2017-05-01,2017-05,baby,108,102,100,60,27,11727.82,9849.51,1878.31,108.59092592592593,16.015849492915137,2.0006825420965644,0,0
2017-05-01,2017-05,perfumery,145,134,133,54,18,22397.27,20119.04,2278.23,154.46393103448275,10.17190934430848,3.82081470210347,0,0
2017-05-01,2017-05,cine_photo,1,1,1,1,1,91.71,59.00,32.71,91.71,35.66677570602988,0.01564507265081455,0,0
2017-05-01,2017-05,luggage_accessories,70,64,64,30,8,14860.09,12539.62,2320.47,212.287,15.615450512076306,2.5350254895610385,0,0
2017-05-01,2017-05,food_drink,17,12,12,12,7,630.41,416.29,214.12,37.08294117647059,33.96519725258165,0.10754345491004255,0,0
2017-05-01,2017-05,books_technical,3,3,3,3,2,316.46,262.00,54.46,105.48666666666666,17.209125955887,0.05398582151430349,0,0
2017-05-01,2017-05,construction_tools_construction,1,1,1,1,1,149.40,99.99,49.41,149.4,33.0722891566265,0.025486575662759723,0,0
2017-05-01,2017-05,furniture_bedroom,9,6,6,5,4,2658.95,2369.97,288.98,295.43888888888887,10.868199853325562,0.4535979274330319,0,0
2017-05-01,2017-05,signaling_and_security,4,3,3,3,3,775.94,508.85,267.09,193.985,34.42147588731087,0.13236983614298378,0,0
2017-05-01,2017-05,industry_commerce_and_business,2,2,2,2,2,552.22,519.80,32.42,276.11,5.870848574843359,0.0942047979416946,0,0
2017-05-01,2017-05,home_appliances_2,9,9,9,6,4,3453.39,3093.04,360.35,383.71,10.434674334494511,0.5891237317805743,0,0
2017-05-01,2017-05,fixed_telephony,10,10,10,7,5,607.63,462.33,145.30,60.763,23.91257837828942,0.10365734919653742,0,0
2017-05-01,2017-05,cool_stuff,247,236,236,104,41,38518.39,33696.47,4821.92,155.9448987854251,12.518487922262587,6.570962925988537,0,0
2017-05-01,2017-05,garden_tools,141,124,124,70,41,24100.00,20693.46,3406.54,170.92198581560282,14.135020746887967,4.111288309722284,0,0
2017-05-01,2017-05,fashion_bags_accessories,110,97,90,87,25,9168.27,7498.67,1669.60,83.34790909090908,18.21063297655937,1.564041546530188,0,0
2017-05-01,2017-05,costruction_tools_garden,8,6,6,5,3,1806.55,1577.24,229.31,225.81875,12.693255099499046,0.30818455999704536,0,0
2017-05-01,2017-05,toys,200,196,196,132,41,26091.14,22626.95,3464.19,130.4557,13.277265769146155,4.450962608685788,0,0
2017-05-01,2017-05,fashion_male_clothing,4,3,2,3,2,676.21,608.90,67.31,169.0525,9.95400837018086,0.11535660862727411,0,0
2017-05-01,2017-05,art,8,8,8,7,5,7365.95,6967.65,398.30,920.74375,5.407313381166041,1.256578594398293,0,0
2017-05-01,2017-05,pc_gamer,1,1,1,1,1,138.15,129.99,8.16,138.15,5.906623235613464,0.023567405808636248,0,1
2017-05-01,2017-05,housewares,307,264,261,163,61,27045.60,21726.48,5319.12,88.09641693811075,19.667228680450794,4.613786685038383,0,0
2017-05-01,2017-05,telephony,224,204,203,87,19,12650.96,9264.10,3386.86,56.4775,26.77156516185333,2.1581636495752794,0,0
2017-05-01,2017-05,home_confort,37,34,34,18,6,5895.17,5293.87,601.30,159.32891891891893,10.199875491292024,1.0056740043496066,0,0
2017-05-01,2017-05,fashion_sport,3,3,3,3,3,179.48,124.84,54.64,59.82666666666667,30.443503454423894,0.030618009370496083,0,0
2017-05-01,2017-05,office_furniture,56,42,41,27,5,10019.71,8403.43,1616.28,178.92339285714286,16.131005787592656,1.7092911448052892,0,0
2018-05-01,2018-05,christmas_supplies,6,6,6,5,4,672.74,524.53,148.21,112.12333333333333,22.03079941730832,0.05851023109758336,0,0
2018-05-01,2018-05,construction_tools_safety,29,25,25,15,7,7902.11,7298.51,603.60,272.48655172413794,7.638466181817262,0.687270390133669,0,0
2018-05-01,2018-05,costruction_tools_garden,16,13,13,13,8,1403.85,1073.28,330.57,87.740625,23.547387541403996,0.12209707751336683,0,0
2018-05-01,2018-05,kitchen_dining_laundry_garden_furniture,13,10,10,7,6,2861.28,2310.09,551.19,220.09846153846155,19.26375608119443,0.24885416956757933,0,0
2018-05-01,2018-05,food,44,36,35,9,6,2079.48,1542.93,536.55,47.26090909090909,25.802123607825035,0.18085866064572145,0,0
2018-05-01,2018-05,fashion_shoes,10,10,10,10,3,1788.57,1582.70,205.87,178.857,11.5103127079175,0.1555573386957884,0,0
2018-05-01,2018-05,fashion_underwear_beach,6,5,5,4,2,300.46,207.40,93.06,50.07666666666667,30.972508819809626,0.026131914313969582,0,0
2018-05-01,2018-05,computers,14,7,7,4,1,9944.61,9429.92,514.69,710.3292857142857,5.175567468206395,0.8649127884105873,0,0
2018-05-01,2018-05,musical_instruments,61,59,59,40,20,20537.04,18757.07,1779.97,336.6727868852459,8.667120480848261,1.7861684402002458,0,0
2018-05-01,2018-05,office_furniture,105,83,83,44,11,25355.00,21005.86,4349.14,241.47619047619048,17.15298757641491,2.2052009832613284,0,0
2018-05-01,2018-05,furniture_decor,605,462,461,280,87,65724.64,54260.98,11463.66,108.63576859504133,17.441951755079984,5.71627058775377,0,0
2018-05-01,2018-05,electronics,235,223,223,111,37,21087.72,16989.29,4098.43,89.73497872340425,19.43514993560233,1.8340627441821962,0,0
2018-05-01,2018-05,health_beauty,770,686,684,343,147,110477.15,96460.36,14016.79,143.47681818181817,12.687501442606006,9.608531642985971,0,0
2018-05-01,2018-05,toys,221,214,213,143,68,36425.46,31767.30,4658.16,164.82108597285068,12.788198144923907,3.168032348954691,0,0
2018-05-01,2018-05,market_place,14,13,13,10,8,1186.79,957.45,229.34,84.77071428571429,19.324396059960062,0.10321871326857472,0,0
2018-05-01,2018-05,portateis_cozinha_e_preparadores_de_alimentos,2,2,2,1,1,2046.41,1958.00,88.41,1023.205,4.320248630528584,0.17798246279455,0,2
2018-05-01,2018-05,tablets_printing_image,1,1,1,1,1,58.19,49.90,8.29,58.19,14.246434095205363,0.005060960174165912,0,0
2018-05-01,2018-05,small_appliances_home_oven_and_coffee,9,9,9,4,3,10474.54,10161.60,312.94,1163.8377777777778,2.9876252322297683,0.9110024021774844,0,0
2018-05-01,2018-05,furniture_living_room,16,13,13,13,9,3390.10,2721.08,669.02,211.88125,19.734521105572107,0.2948472432795989,0,0
2018-05-01,2018-05,arts_and_craftmanship,1,1,1,1,1,101.05,89.80,11.25,101.05,11.133102424542306,0.0087886239147528,0,0
2018-05-01,2018-05,home_appliances,64,63,61,53,14,7380.41,6149.67,1230.74,115.31890625,16.675767335419035,0.6418965643412243,0,0
2018-05-01,2018-05,stationery,130,124,124,92,48,15372.31,12923.39,2448.92,118.24853846153846,15.930722188142186,1.3369762621572847,0,0
2018-05-01,2018-05,bed_bath_table,747,606,601,395,76,85173.53,71702.77,13470.76,114.02078982597055,15.815664796328155,7.407799333616181,0,0
2018-05-01,2018-05,computers_accessories,464,409,406,186,78,60055.71,51515.73,8539.98,129.43040948275862,14.22009664026951,5.223226611810578,0,0
2018-05-01,2018-05,party_supplies,4,3,3,3,3,170.44,100.70,69.74,42.61,40.917624970664164,0.014823681939935352,0,0
2018-05-01,2018-05,fashion_male_clothing,1,1,1,1,1,149.87,129.99,19.88,149.87,13.264829518916393,0.0130346468689164,0,0
2018-05-01,2018-05,unknown,43,38,38,30,25,4029.36,3136.94,892.42,93.7060465116279,22.147934163241803,0.3504456175868218,43,0
2018-05-01,2018-05,small_appliances,48,39,39,30,23,11507.33,10620.99,886.34,239.73604166666667,7.70239490828889,1.0008272699945804,0,0
2018-05-01,2018-05,sports_leisure,492,452,447,315,153,68841.54,59664.11,9177.43,139.92182926829267,13.331238667815974,5.987356801310356,0,0
2018-05-01,2018-05,books_general_interest,53,51,51,38,19,6932.51,6019.03,913.48,130.80207547169812,13.176757047591709,0.6029413476027999,0,0
2018-05-01,2018-05,costruction_tools_tools,5,5,5,2,2,506.26,417.90,88.36,101.252,17.45348240034765,0.04403096232640032,0,0
2018-05-01,2018-05,agro_industry_and_commerce,8,8,8,7,5,3433.22,3279.75,153.47,429.1525,4.470147558268914,0.298597520006013,0,0
2018-05-01,2018-05,dvds_blu_ray,7,6,6,3,3,560.16,439.94,120.22,80.02285714285715,21.461725221365324,0.0487188082344179,0,0
2018-05-01,2018-05,pet_shop,136,127,127,83,33,14084.07,11708.46,2375.61,103.55933823529412,16.867354394006846,1.2249341357649923,0,0
2018-05-01,2018-05,cool_stuff,176,169,167,66,44,33932.76,30039.11,3893.65,192.79977272727274,11.474604482511884,2.9512346959878,0,0
2018-05-01,2018-05,auto,311,298,298,229,104,48221.05,40928.14,7292.91,155.0516077170418,15.123913726474225,4.193930462389812,0,0
2018-05-01,2018-05,perfumery,198,180,180,109,59,27915.22,24757.70,3157.52,140.9859595959596,11.311105554604262,2.427871054701491,0,0
2018-05-01,2018-05,baby,245,224,223,143,77,39504.84,34003.60,5501.24,161.2442448979592,13.92548356100164,3.435855334710371,0,0
2018-05-01,2018-05,construction_tools_lights,41,32,32,7,6,6321.37,5477.81,843.56,154.17975609756098,13.344575622056611,0.5497886546858081,0,0
2018-05-01,2018-05,audio,21,20,20,7,5,3044.54,2697.68,346.86,144.97809523809525,11.392854092900734,0.26479284565483907,0,0
2018-05-01,2018-05,housewares,619,493,490,333,138,76453.58,63003.57,13450.01,123.51143780290792,17.59238743300183,6.6493989268329186,0,0
2018-05-01,2018-05,home_confort,22,19,19,9,3,3184.37,2776.60,407.77,144.74409090909091,12.805358673772206,0.276954283378737,0,0
2018-05-01,2018-05,telephony,256,243,242,122,42,25836.33,21608.26,4228.07,100.9231640625,16.36482426103088,2.2470637081389926,0,0
2018-05-01,2018-05,fixed_telephony,17,12,12,8,6,2222.25,1946.10,276.15,130.72058823529412,12.426594667566656,0.19327579905551123,0,0
2018-05-01,2018-05,drinks,48,34,34,19,9,3563.83,2790.98,772.85,74.24645833333334,21.685939003824537,0.30995706646327037,0,0
2018-05-01,2018-05,garden_tools,291,230,228,107,59,43119.29,37863.18,5256.11,148.17625429553266,12.189695145722483,3.7502149755681473,0,0
2018-05-01,2018-05,flowers,1,1,1,1,1,35.72,16.40,19.32,35.72,54.08734602463606,0.0031066763605637807,0,0
2018-05-01,2018-05,watches_gifts,636,596,591,223,40,132617.95,123872.66,8745.29,208.5187893081761,6.594348653406269,11.534183937610006,0,0
2018-05-01,2018-05,diapers_and_hygiene,3,3,3,3,2,159.65,117.00,42.65,53.21666666666667,26.71468838083307,0.013885243028107714,0,0
2018-05-01,2018-05,home_appliances_2,23,23,23,16,11,15597.83,14441.24,1156.59,678.1665217391304,7.415069916776885,1.356590418171684,0,0
2018-05-01,2018-05,music,5,5,5,4,3,827.40,729.00,98.40,165.48,11.892675852066715,0.0719614787438542,0,0
2018-05-01,2018-05,cine_photo,18,17,17,7,7,2570.88,2277.29,293.59,142.82666666666665,11.419825118247449,0.2235972038590765,0,0
2018-05-01,2018-05,art,36,35,35,10,7,3257.08,2691.86,565.22,90.47444444444444,17.35358050769401,0.2832780918383281,0,0
2018-05-01,2018-05,fashion_bags_accessories,111,105,105,75,28,13192.27,11519.16,1673.11,118.84927927927927,12.682502708025229,1.1473715943777925,0,0
2018-05-01,2018-05,construction_tools_construction,125,89,89,74,38,23580.34,20748.60,2831.74,188.64272,12.008902331348912,2.0508534393072937,0,0
2018-05-01,2018-05,signaling_and_security,7,6,6,5,5,862.99,683.50,179.49,123.28428571428572,20.798618755721385,0.0750568486115044,0,0
2018-05-01,2018-05,books_technical,56,55,54,20,7,3923.58,3055.48,868.10,70.06392857142858,22.125201983902457,0.3412456112760593,0,0
2018-05-01,2018-05,luggage_accessories,49,44,44,35,18,8245.49,6618.46,1627.03,168.27530612244897,19.73236278256356,0.7171351865695702,0,0
2018-05-01,2018-05,industry_commerce_and_business,41,35,35,17,6,4981.97,3890.99,1090.98,121.51146341463415,21.89856622982475,0.43329698846690756,0,0
2018-05-01,2018-05,books_imported,10,9,9,6,2,525.71,410.92,114.79,52.571,21.835232352437654,0.04572258761231761,0,0
2018-05-01,2018-05,food_drink,25,15,15,13,10,1674.74,1239.44,435.30,66.9896,25.992094295233887,0.14565719955460765,0,0
2018-05-01,2018-05,furniture_bedroom,6,5,5,5,4,1816.91,1484.98,331.93,302.8183333333333,18.26892911591658,0.1580221541509501,0,0
2018-05-01,2018-05,consoles_games,54,40,40,27,20,6671.21,5664.07,1007.14,123.54092592592593,15.096811522947112,0.5802152968464921,0,0
2018-05-01,2018-05,home_construction,79,63,63,47,21,11456.03,10155.28,1300.75,145.01303797468356,11.354282417207356,0.9963655539448345,0,0
2018-05-01,2018-05,air_conditioning,15,14,14,9,6,2450.73,2051.20,399.53,163.382,16.30248946232347,0.21314739521625067,0,0
2017-09-01,2017-09,toys,297,273,271,172,55,37056.83,31399.22,5657.61,124.77047138047138,15.26738795520286,5.143931991790493,0,0
2017-09-01,2017-09,electronics,67,65,65,45,22,5557.35,4338.96,1218.39,82.9455223880597,21.923938567842587,0.7714267640965753,0,0
2017-09-01,2017-09,market_place,11,11,11,11,9,1349.62,1147.21,202.41,122.69272727272727,14.99755486729598,0.1873434261581545,0,0
2017-09-01,2017-09,home_comfort_2,1,1,1,1,1,29.69,12.90,16.79,29.69,56.5510272819131,0.00412132772383012,0,0
2017-09-01,2017-09,air_conditioning,8,8,8,7,6,1900.33,1731.05,169.28,237.54125,8.907926518025818,0.2637885723619432,0,0
2017-09-01,2017-09,christmas_supplies,4,3,3,3,2,318.28,254.70,63.58,79.57,19.97612165388966,0.044181077397798946,0,0
2017-09-01,2017-09,furniture_living_room,11,11,11,10,5,1562.83,1275.87,286.96,142.07545454545453,18.361562038097556,0.21693952868418415,0,0
2017-09-01,2017-09,furniture_mattress_and_upholstery,1,1,1,1,1,133.82,86.50,47.32,133.82,35.36093259602451,0.01857581933320804,0,0
2017-09-01,2017-09,small_appliances_home_oven_and_coffee,1,1,1,1,1,673.47,640.99,32.48,673.47,4.822783494439247,0.0934857050241789,0,0
2017-09-01,2017-09,bed_bath_table,533,461,454,292,45,62177.20,52473.20,9704.00,116.65515947467166,15.607007070115735,8.630940321661509,0,0
2017-09-01,2017-09,stationery,77,71,71,57,21,7512.65,6130.41,1382.24,97.56688311688312,18.398833966709486,1.0428458310687894,0,0
2017-09-01,2017-09,home_appliances,10,10,9,8,7,2197.28,1820.19,377.09,219.728,17.161672613412946,0.30500879019930777,0,0
2017-09-01,2017-09,luggage_accessories,42,41,40,33,10,4859.69,3885.38,974.31,115.70690476190477,20.048809697737923,0.6745831972455372,0,0
2017-09-01,2017-09,industry_commerce_and_business,2,2,2,1,1,251.71,219.98,31.73,125.855,12.605776488816495,0.034940363804825854,0,0
2017-09-01,2017-09,books_technical,8,8,8,8,4,1136.91,1001.35,135.56,142.11375,11.92354715852618,0.15781672962275858,0,0
2017-09-01,2017-09,signaling_and_security,9,5,5,3,3,536.55,438.40,98.15,59.61666666666667,18.29279657068307,0.07447956854904181,0,0
2017-09-01,2017-09,food_drink,9,6,6,6,6,444.78,310.86,133.92,49.42,30.10926750303521,0.06174079302812937,0,0
2017-09-01,2017-09,tablets_printing_image,3,3,3,2,2,279.88,233.90,45.98,93.29333333333334,16.428469344004572,0.03885069731712948,0,0
2017-09-01,2017-09,books_imported,4,3,3,3,1,327.56,290.00,37.56,81.89,11.466601538649408,0.045469252583960736,0,0
2017-09-01,2017-09,construction_tools_construction,11,8,8,8,5,1487.04,1289.20,197.84,135.18545454545455,13.304282332687755,0.2064189686239253,0,0
2017-09-01,2017-09,fashion_bags_accessories,124,103,98,86,31,13962.07,11948.22,2013.85,112.59733870967742,14.423720837955976,1.9381025992946046,0,0
2017-09-01,2017-09,costruction_tools_garden,6,5,5,6,4,401.47,297.50,103.97,66.91166666666666,25.897327322091314,0.0557288461194368,0,0
2017-09-01,2017-09,cool_stuff,207,200,198,111,56,43229.47,38210.34,5019.13,208.8380193236715,11.610436121469913,6.000768379841108,0,0
2017-09-01,2017-09,watches_gifts,268,255,254,142,16,51448.43,47135.60,4312.83,191.97175373134328,8.382821399992187,7.141658501398898,0,0
2017-09-01,2017-09,garden_tools,225,179,179,62,38,27359.83,22507.23,4852.60,121.59924444444444,17.73622131424062,3.7978722094401833,0,0
2017-09-01,2017-09,home_appliances_2,6,6,6,6,5,1928.62,1627.80,300.82,321.43666666666667,15.597681243583496,0.2677155633119989,0,0
2017-09-01,2017-09,cine_photo,1,1,1,1,1,102.84,69.00,33.84,102.84,32.90548424737456,0.01427542415354293,0,0
2017-09-01,2017-09,consoles_games,66,61,61,31,16,10021.32,8910.37,1110.95,151.83818181818182,11.085864935956542,1.3910792841149635,0,0
2017-09-01,2017-09,fashio_female_clothing,4,3,3,3,3,430.31,355.70,74.61,107.5775,17.338662824475378,0.0597321836591896,0,0
2017-09-01,2017-09,home_construction,11,9,9,9,8,1759.36,1357.81,401.55,159.94181818181818,22.823640414696253,0.24422024736267298,0,0
2017-09-01,2017-09,construction_tools_safety,5,4,4,4,3,1202.29,1124.54,77.75,240.458,6.466825807417512,0.16689225695802343,0,0
2017-09-01,2017-09,security_and_services,1,1,1,1,1,115.45,100.00,15.45,115.45,13.382416630576007,0.016025843237325275,0,0
2017-09-01,2017-09,fashion_childrens_clothes,1,1,1,1,1,107.06,89.99,17.07,107.06,15.944330282084811,0.014861210714491502,0,0
2017-09-01,2017-09,unknown,74,62,62,52,35,7213.58,5904.14,1309.44,97.48081081081081,18.152429168318644,1.0013313318311379,74,0
2017-09-01,2017-09,auto,108,97,97,75,40,16931.46,14544.67,2386.79,156.77277777777778,14.09677606065868,2.350289508350311,0,0
2017-09-01,2017-09,small_appliances,33,32,32,24,16,11906.32,10965.63,940.69,360.79757575757577,7.90076194827621,1.6527398688040769,0,0
2017-09-01,2017-09,pet_shop,71,62,61,45,25,9875.16,8534.92,1340.24,139.0867605633803,13.571830734894423,1.3707905249329153,0,0
2017-09-01,2017-09,agro_industry_and_commerce,4,3,3,3,2,2119.69,1993.99,125.70,529.9225,5.930112422099458,0.29423836857276753,0,0
2017-09-01,2017-09,dvds_blu_ray,2,2,2,2,1,91.06,39.80,51.26,45.53,56.29255435976279,0.012640219014212556,0,0
2017-09-01,2017-09,party_supplies,2,1,1,1,1,303.20,269.80,33.40,151.6,11.015831134564644,0.04208779272028604,0,0
2017-09-01,2017-09,art,3,3,3,3,3,435.85,388.54,47.31,145.28333333333333,10.854651829757943,0.060501202035411185,0,0
2017-09-01,2017-09,fashion_male_clothing,16,10,10,12,5,1388.19,1177.50,210.69,86.761875,15.177317226028137,0.19269740427563944,0,0
2017-09-01,2017-09,fixed_telephony,13,6,6,5,4,13990.19,13692.91,297.28,1076.1684615384615,2.1249175314988573,1.942005992207845,0,0
2017-09-01,2017-09,telephony,177,164,164,95,33,21537.96,18559.25,2978.71,121.68338983050847,13.83004704252399,2.9897269000587463,0,0
2017-09-01,2017-09,housewares,255,223,221,183,75,25121.49,20313.26,4808.23,98.51564705882353,19.139907704519118,3.487163799290035,0,0
2017-09-01,2017-09,home_confort,33,26,26,17,4,5273.36,4592.34,681.02,159.7987878787879,12.914346830104526,0.7320055495364367,0,0
2017-09-01,2017-09,drinks,8,7,7,6,3,428.48,327.97,100.51,53.56,23.457337565347274,0.05947815773347019,0,0
2017-09-01,2017-09,fashion_sport,5,2,2,2,2,500.82,384.60,116.22,100.164,23.20594225470229,0.06951981645835638,0,0
2017-09-01,2017-09,furniture_decor,348,275,270,213,77,38355.12,30838.69,7516.43,110.21586206896552,19.59694038240527,5.32415019895019,0,0
2017-09-01,2017-09,health_beauty,380,360,349,194,89,59101.68,51537.65,7564.03,155.53073684210526,12.798333313029342,8.204021297033888,0,0
2017-09-01,2017-09,construction_tools_lights,1,1,1,1,1,258.98,229.00,29.98,258.98,11.576183489072514,0.0359495269086401,0,0
2017-09-01,2017-09,musical_instruments,28,24,24,21,14,9709.55,9034.97,674.58,346.76964285714286,6.947592833859448,1.3478018727152155,0,0
2017-09-01,2017-09,office_furniture,61,37,37,35,5,11522.44,9208.65,2313.79,188.89245901639345,20.080729428836253,1.5994527254351343,0,0
2017-09-01,2017-09,computers,41,40,39,7,1,54631.56,52878.88,1752.68,1332.4770731707317,3.208182230198076,7.583515083330706,0,0
2017-09-01,2017-09,fashion_underwear_beach,18,16,16,10,4,2056.22,1789.70,266.52,114.23444444444445,12.961648072677049,0.2854279721217235,0,0
2017-09-01,2017-09,sports_leisure,461,416,411,287,107,58965.15,50167.48,8797.67,127.90704989154013,14.920118069741195,8.185069297231445,0,0
2017-09-01,2017-09,books_general_interest,15,15,15,14,12,1199.59,965.14,234.45,79.97266666666667,19.544177594011288,0.16651746460860137,0,0
2017-09-01,2017-09,costruction_tools_tools,3,3,3,3,3,976.08,916.89,59.19,325.36,6.064052126874846,0.13549159867551713,0,0
2017-09-01,2017-09,computers_accessories,253,216,216,146,64,33981.36,28930.98,5050.38,134.31367588932807,14.862206809851047,4.717019907761937,0,0
2017-09-01,2017-09,kitchen_dining_laundry_garden_furniture,5,5,5,5,5,602.66,464.09,138.57,120.532,22.993064082567287,0.08365642863063187,0,0
2017-09-01,2017-09,fashion_shoes,14,13,13,14,4,1443.70,1179.60,264.10,103.12142857142857,18.29327422594722,0.20040285735579472,0,0
2017-09-01,2017-09,food,17,13,13,7,6,1239.20,992.92,246.28,72.89411764705882,19.87411233053583,0.17201580718660442,0,0
2017-09-01,2017-09,perfumery,160,142,141,82,34,17064.05,14744.87,2319.18,106.6503125,13.591029093327785,2.36869458894656,0,0
2017-09-01,2017-09,baby,174,165,161,104,42,28197.00,24366.30,3830.70,162.05172413793105,13.585487817852963,3.9140814357978413,0,0
2017-09-01,2017-09,audio,10,10,10,8,7,1191.79,1042.59,149.20,119.179,12.518984049203299,0.16543473115471538,0,0
2017-09-01,2017-09,furniture_bedroom,4,3,3,3,3,923.98,709.60,214.38,230.995,23.20180090478149,0.12825949445148382,0,0
2017-12-01,2017-12,toys,445,421,420,210,70,65841.30,57194.14,8647.16,147.95797752808988,13.133337282222556,7.624516379955269,0,0
2017-12-01,2017-12,party_supplies,2,2,2,1,1,549.92,515.20,34.72,274.96,6.313645621181263,0.06368151977049362,0,0
2017-12-01,2017-12,tablets_printing_image,6,6,6,2,1,475.02,419.40,55.62,79.17,11.708980674497916,0.05500799301967537,0,0
2017-12-01,2017-12,bed_bath_table,552,481,474,349,52,59896.26,50505.85,9390.41,108.50771739130435,15.677790232645577,6.936072274819294,0,0
2017-12-01,2017-12,stationery,251,231,231,135,37,30519.99,25731.00,4788.99,121.59358565737051,15.691322310393941,3.5342583404500063,0,0
2017-12-01,2017-12,furniture_living_room,20,16,14,17,7,2940.88,2316.01,624.87,147.044,21.247721770354453,0.34055809547324933,0,0
2017-12-01,2017-12,furniture_mattress_and_upholstery,8,8,8,3,3,1088.40,803.70,284.70,136.05,26.15766262403528,0.12603827123618935,0,0
2017-12-01,2017-12,market_place,14,13,13,11,11,884.26,703.25,181.01,63.16142857142857,20.470223689864973,0.10239856828676296,0,0
2017-12-01,2017-12,home_appliances,16,16,16,13,5,1672.84,1331.00,341.84,104.5525,20.434709834772004,0.1937172562061255,0,0
2017-12-01,2017-12,christmas_supplies,16,14,14,13,5,794.97,493.90,301.07,49.685625,37.87186937871869,0.09205865902667536,0,0
2017-12-01,2017-12,dvds_blu_ray,1,1,1,1,1,135.49,119.90,15.59,135.49,11.506384234998892,0.01568993510638671,0,0
2017-12-01,2017-12,pet_shop,74,71,71,59,27,8757.26,7227.23,1530.03,118.34135135135135,17.471560739318004,1.014103189237258,0,0
2017-12-01,2017-12,auto,268,243,242,172,60,45123.01,39287.64,5835.37,168.36944029850747,12.93213817074703,5.225308869324959,0,0
2017-12-01,2017-12,unknown,146,137,137,49,33,18204.11,16224.92,1979.19,124.68568493150686,10.872215120651324,2.1080618833089186,146,0
2017-12-01,2017-12,small_appliances,29,28,28,23,16,9589.66,8913.77,675.89,330.67793103448275,7.048112237555867,1.1104962956108377,0,0
2017-12-01,2017-12,agro_industry_and_commerce,11,9,9,7,5,5664.04,5291.70,372.34,514.9127272727272,6.573753010218854,0.655903904642251,0,0
2017-12-01,2017-12,air_conditioning,3,3,3,3,3,722.34,668.80,53.54,240.78,7.412022039482792,0.08364800151116228,0,0
2017-12-01,2017-12,furniture_bedroom,1,1,1,1,1,230.75,185.00,45.75,230.75,19.826652221018417,0.026721178875184395,0,0
2017-12-01,2017-12,signaling_and_security,2,2,2,2,2,842.44,770.00,72.44,421.22,8.598831964294192,0.09755575268303507,0,0
2017-12-01,2017-12,industry_commerce_and_business,9,9,9,6,5,2009.86,1828.50,181.36,223.3177777777778,9.023514075607256,0.23274465254205032,0,0
2017-12-01,2017-12,books_technical,4,4,4,4,3,735.96,670.69,65.27,183.99,8.8686885156802,0.08522521692299331,0,0
2017-12-01,2017-12,food_drink,22,19,19,12,6,1484.86,1098.68,386.18,67.49363636363637,26.007839122880274,0.17194890428865137,0,0
2017-12-01,2017-12,books_imported,3,3,3,1,1,271.06,231.00,40.06,90.35333333333334,14.779015716077621,0.03138913432679299,0,0
2017-12-01,2017-12,construction_tools_construction,27,22,22,22,13,6566.50,5830.35,736.15,243.2037037037037,11.21069062666565,0.7604100588684651,0,0
2017-12-01,2017-12,luggage_accessories,47,45,45,29,14,7437.89,6248.21,1189.68,158.25297872340425,15.994858756986188,0.8613182628123305,0,0
2017-12-01,2017-12,cds_dvds_musicals,1,1,1,1,1,74.94,65.00,9.94,74.94,13.263944488924473,0.008678158807828034,0,0
2017-12-01,2017-12,food,14,12,12,11,10,1167.94,978.19,189.75,83.42428571428572,16.246553761323355,0.1352491166001424,0,0
2017-12-01,2017-12,construction_tools_lights,2,2,2,1,1,206.46,176.00,30.46,103.23,14.753463140559914,0.023908362255993805,0,0
2017-12-01,2017-12,art,3,3,3,3,3,163.39,115.25,48.14,54.46333333333333,29.463247444764065,0.0189207948707102,0,0
2017-12-01,2017-12,fashion_male_clothing,4,4,4,4,3,532.14,450.89,81.25,133.035,15.268538354568348,0.061622570429645175,0,0
2017-12-01,2017-12,telephony,267,244,243,141,32,17383.24,13611.01,3772.23,65.10576779026218,21.700384968509898,2.0130039673684093,0,0
2017-12-01,2017-12,drinks,34,31,30,12,5,2574.41,2132.84,441.57,75.71794117647059,17.152279551431203,0.298120347163872,0,0
2017-12-01,2017-12,audio,17,17,17,10,8,2941.12,2686.93,254.19,173.0070588235294,8.642625938418018,0.340585887815308,0,0
2017-12-01,2017-12,home_confort,14,14,14,10,4,2544.89,2257.80,287.09,181.77785714285713,11.281037687287073,0.2947018890906523,0,0
2017-12-01,2017-12,fixed_telephony,5,5,5,5,5,1095.81,998.77,97.04,219.162,8.855549775964812,0.1268963597972516,0,0
2017-12-01,2017-12,fashion_sport,1,1,1,1,1,76.76,59.90,16.86,76.76,21.964564877540383,0.008888917401773149,0,0
2017-12-01,2017-12,baby,143,139,139,94,44,22762.46,19943.08,2819.38,159.17804195804194,12.386095351732633,2.6359253100725017,0,0
2017-12-01,2017-12,perfumery,241,233,231,94,37,31594.52,27864.43,3730.09,131.09759336099586,11.806129670588444,3.6586904459180536,0,0
2017-12-01,2017-12,diapers_and_hygiene,2,1,1,1,1,99.70,76.00,23.70,49.85,23.771313941825476,0.011545402096883572,0,0
2017-12-01,2017-12,flowers,2,2,2,2,2,112.98,82.70,30.28,56.49,26.801203752876614,0.013083245024131454,0,0
2017-12-01,2017-12,home_appliances_2,8,8,8,7,4,2272.45,1990.16,282.29,284.05625,12.42227551761315,0.2631529487970218,0,0
2017-12-01,2017-12,cool_stuff,252,235,235,115,57,44279.53,39011.54,5267.99,175.71242063492065,11.897122665936156,5.1276326831596695,0,0
2017-12-01,2017-12,watches_gifts,367,346,343,177,30,77405.23,71727.62,5677.61,210.9134332425068,7.334917808525342,8.963635955383703,0,0
2017-12-01,2017-12,computers_accessories,287,252,249,171,74,43488.75,37880.65,5608.10,151.5287456445993,12.895518956051852,5.036059232104769,0,0
2017-12-01,2017-12,fashion_bags_accessories,135,124,122,103,31,12027.60,10028.46,1999.14,89.09333333333333,16.621271076523993,1.3928132222715832,0,0
2017-12-01,2017-12,kitchen_dining_laundry_garden_furniture,20,16,16,10,10,5265.02,4277.30,987.72,263.251,18.760042696893837,0.609696819941163,0,0
2017-12-01,2017-12,fashion_shoes,13,12,12,13,4,1305.46,1099.00,206.46,100.42,15.815114978628223,0.1511741285997756,0,0
2017-12-01,2017-12,garden_tools,325,245,245,64,38,35142.70,27689.69,7453.01,108.13138461538462,21.2078468643559,4.0695747469423305,0,0
2017-12-01,2017-12,costruction_tools_garden,6,6,6,6,3,1097.75,928.90,168.85,182.95833333333334,15.381462081530403,0.1271210145622261,0,0
2017-12-01,2017-12,housewares,295,249,249,171,83,31932.31,25921.95,6010.36,108.2451186440678,18.822189813389635,3.6978070093514166,0,0
2017-12-01,2017-12,furniture_decor,390,315,308,232,84,39361.15,32011.75,7349.40,100.92602564102565,18.671710557237276,4.558077269265284,0,0
2017-12-01,2017-12,electronics,210,190,190,99,23,11995.77,8537.51,3458.26,57.12271428571429,28.82899555426621,1.3891272629060487,0,0
2017-12-01,2017-12,health_beauty,466,432,427,215,94,69584.90,61264.66,8320.24,149.32381974248926,11.956961927084757,8.058030595500838,0,0
2017-12-01,2017-12,office_furniture,49,39,39,34,6,8769.28,6964.36,1804.92,178.96489795918367,20.5823055028463,1.0154951223686979,0,0
2017-12-01,2017-12,musical_instruments,42,41,40,36,16,11689.59,10823.50,866.09,278.3235714285714,7.4090708057339905,1.3536711825246663,0,0
2017-12-01,2017-12,computers,23,19,19,4,1,17916.27,16741.00,1175.27,778.9682608695653,6.559791742366017,2.074729601066522,0,0
2017-12-01,2017-12,fashion_underwear_beach,13,13,13,9,3,1359.62,1173.10,186.52,104.58615384615385,13.718539003545109,0.15744593379102148,0,0
2017-12-01,2017-12,sports_leisure,493,440,434,322,127,69442.93,59792.66,9650.27,140.85787018255579,13.896691859056064,8.041590267158867,0,0
2017-12-01,2017-12,books_general_interest,42,38,38,27,16,3042.06,2397.10,644.96,72.43,21.201422720130438,0.3522748836794949,0,0
2017-12-01,2017-12,costruction_tools_tools,6,6,6,3,1,457.82,349.40,108.42,76.30333333333333,23.6817963391726,0.05301620850546877,0,0
2017-12-01,2017-12,consoles_games,93,88,88,40,20,10409.48,9075.01,1334.47,111.92989247311829,12.819756606477942,1.2054326200548406,0,0
2017-12-01,2017-12,construction_tools_safety,7,7,7,6,2,1525.46,1384.92,140.54,217.92285714285714,9.212958714092798,0.1766504421535809,0,0
2017-12-01,2017-12,home_construction,39,30,30,22,13,8006.27,6735.30,1270.97,205.28897435897437,15.874683217028654,0.9271374768928389,0,0
2018-07-01,2018-07,flowers,2,2,2,2,2,83.36,47.99,35.37,41.68,42.43042226487524,0.007873599039405805,0,0
2018-07-01,2018-07,air_conditioning,17,15,15,14,9,3137.45,2657.86,479.59,184.55588235294118,15.285980653078138,0.29634145041007365,0,0
2018-07-01,2018-07,christmas_supplies,8,8,8,7,5,661.66,509.56,152.10,82.7075,22.98763715503431,0.062495747845648326,0,0
2018-07-01,2018-07,cine_photo,7,7,7,7,6,1291.61,1178.54,113.07,184.5157142857143,8.754190506422217,0.12199639221793343,0,0
2018-07-01,2018-07,music,3,3,3,3,3,893.28,849.30,43.98,297.76,4.923428264373992,0.0843729432572027,0,0
2018-07-01,2018-07,cool_stuff,121,118,118,62,44,34278.98,30551.61,3727.37,283.29735537190084,10.873631595805941,3.237751247598498,0,0
2018-07-01,2018-07,home_appliances_2,23,22,21,17,14,13772.17,12597.32,1174.85,598.79,8.530609192305933,1.3008222706637889,0,0
2018-07-01,2018-07,watches_gifts,528,514,509,205,36,106064.72,96212.59,9852.13,200.8801515151515,9.288790843930007,10.018127129400739,0,0
2018-07-01,2018-07,garden_tools,179,154,154,84,56,31122.91,26173.78,4949.13,173.8710055865922,15.901887066472897,2.9396510830075973,0,0
2018-07-01,2018-07,diapers_and_hygiene,4,4,4,3,2,237.91,149.80,88.11,59.4775,37.035013240300955,0.02247130455212374,0,0
2018-07-01,2018-07,fashion_male_clothing,5,5,5,4,4,295.68,208.70,86.98,59.136,29.416937229437227,0.02792785225493652,0,0
2018-07-01,2018-07,pc_gamer,3,2,2,2,1,706.80,677.00,29.80,235.6,4.216185625353707,0.06675935461914614,0,3
2018-07-01,2018-07,art,21,21,21,4,4,2265.73,1843.20,422.53,107.89190476190477,18.648735727558005,0.2140049130464601,0,0
2018-07-01,2018-07,costruction_tools_garden,25,20,20,19,10,2592.27,1956.47,635.80,103.6908,24.526766116183886,0.244847583755764,0,0
2018-07-01,2018-07,fashion_bags_accessories,77,76,76,53,28,7418.12,6161.87,1256.25,96.33922077922078,16.93488377109025,0.700663417780674,0,0
2018-07-01,2018-07,dvds_blu_ray,1,1,1,1,1,96.88,83.99,12.89,96.88,13.305119735755575,0.009150603106257609,0,0
2018-07-01,2018-07,party_supplies,2,2,2,2,2,84.36,57.50,26.86,42.18,31.83973447131342,0.007968052002930347,0,0
2018-07-01,2018-07,small_appliances,43,36,36,30,23,9782.44,8711.25,1071.19,227.4986046511628,10.950131051148793,0.9239804485010187,0,0
2018-07-01,2018-07,unknown,47,42,42,33,19,5665.78,4612.00,1053.78,120.54851063829787,18.599027847886788,0.5351497116780785,47,0
2018-07-01,2018-07,agro_industry_and_commerce,30,29,29,25,17,8735.28,7756.69,978.59,291.176,11.202731910139113,0.8250730832166595,0,0
2018-07-01,2018-07,pet_shop,160,140,139,103,46,23358.39,19583.74,3774.65,145.9899375,16.159718199756064,2.206269158662022,0,0
2018-07-01,2018-07,auto,344,327,326,249,114,51187.78,43830.29,7357.49,148.80168604651163,14.373528213179005,4.834837517242271,0,0
2018-07-01,2018-07,sports_leisure,468,418,417,309,152,65830.02,55292.68,10537.34,140.6624358974359,16.006891688624734,6.217840477879857,0,0
2018-07-01,2018-07,fixed_telephony,11,8,8,8,6,9658.18,9319.39,338.79,878.0163636363636,3.5078037477040187,0.9122437232534591,0,0
2018-07-01,2018-07,computers_accessories,427,389,384,197,80,50518.25,41902.79,8615.46,118.30971896955504,17.05415369693131,4.771598424573684,0,0
2018-07-01,2018-07,costruction_tools_tools,12,10,10,9,8,5779.45,5501.20,278.25,481.62083333333334,4.814471965325421,0.5458861800419131,0,0
2018-07-01,2018-07,food,64,59,59,24,19,4401.42,3378.17,1023.25,68.7721875,23.24817899677831,0.41572716271618876,0,0
2018-07-01,2018-07,kitchen_dining_laundry_garden_furniture,23,21,21,15,13,4886.72,3875.95,1010.77,212.46608695652174,20.68401709121865,0.4615651859146489,0,0
2018-07-01,2018-07,audio,22,21,21,8,6,2409.00,2062.64,346.36,109.5,14.377750103777501,0.2275371891306212,0,0
2018-07-01,2018-07,construction_tools_lights,55,40,40,27,19,8631.40,7249.61,1381.79,156.93454545454546,16.00887457422898,0.81526130936573,0,0
2018-07-01,2018-07,baby,222,210,210,154,80,27378.18,22185.96,5192.22,123.32513513513514,18.964810663090095,2.58595023690834,0,0
2018-07-01,2018-07,perfumery,205,174,172,130,57,25704.44,22417.77,3286.67,125.38751219512196,12.786390211185305,2.427860533738773,0,0
2018-07-01,2018-07,furniture_living_room,55,50,49,23,15,8840.31,6779.63,2060.68,160.7329090909091,23.3100422948969,0.8349934779756422,0,0
2018-07-01,2018-07,small_appliances_home_oven_and_coffee,15,14,14,10,7,5171.36,4699.67,471.69,344.75733333333335,9.121198292132052,0.4884502774522745,0,0
2018-07-01,2018-07,arts_and_craftmanship,11,10,10,9,6,804.60,654.57,150.03,73.14545454545454,18.646532438478747,0.07599685445184633,0,0
2018-07-01,2018-07,furniture_mattress_and_upholstery,1,1,1,1,1,141.83,129.90,11.93,141.83,8.411478530635266,0.013396263816685764,0,0
2018-07-01,2018-07,toys,156,150,150,124,75,20636.35,17277.29,3359.06,132.28429487179488,16.27739401589913,1.9491644138296782,0,0
2018-07-01,2018-07,portateis_cozinha_e_preparadores_de_alimentos,8,7,7,5,2,276.08,172.03,104.05,34.51,37.68835120254999,0.0260765741698555,0,8
2018-07-01,2018-07,market_place,4,4,4,3,3,277.34,186.78,90.56,69.335,32.6530612244898,0.026195584903896424,0,0
2018-07-01,2018-07,home_comfort_2,3,2,2,1,1,85.44,38.70,46.74,28.48,54.70505617977528,0.008070061203536852,0,0
2018-07-01,2018-07,home_appliances,79,79,72,58,8,6541.68,5290.63,1251.05,82.80607594936708,19.12429223074195,0.6178810624292246,0,0
2018-07-01,2018-07,stationery,191,169,168,135,68,21489.70,17247.09,4242.61,112.51151832460732,19.74252781565122,2.0297658502533458,0,0
2018-07-01,2018-07,bed_bath_table,624,518,517,378,89,68708.38,55082.82,13625.56,110.10958333333333,19.831001691496727,6.489710109970358,0,0
2018-07-01,2018-07,books_general_interest,25,25,25,19,13,4496.16,4077.45,418.71,179.8464,9.312613430127042,0.4246756364805039,0,0
2018-07-01,2018-07,telephony,225,206,205,129,43,30971.34,26939.41,4031.93,137.6504,13.018261399087027,2.9253348473261824,0,0
2018-07-01,2018-07,housewares,577,474,471,370,165,77967.73,63409.14,14558.59,135.1260485268631,18.67258415757391,7.3642831577813235,0,0
2018-07-01,2018-07,home_confort,24,24,24,11,6,3560.26,2984.38,575.88,148.34416666666667,16.175223157859257,0.3362771079178852,0,0
2018-07-01,2018-07,drinks,17,17,17,13,10,1633.20,1335.17,298.03,96.07058823529412,18.248224344844477,0.15426058002828166,0,0
2018-07-01,2018-07,fashion_shoes,5,5,5,5,2,985.44,820.19,165.25,197.088,16.76915895437571,0.09307772837562447,0,0
2018-07-01,2018-07,home_construction,61,58,58,32,14,8298.17,6780.15,1518.02,136.0355737704918,18.293430961284233,0.783786748330447,0,0
2018-07-01,2018-07,consoles_games,49,49,49,30,15,9539.14,8519.11,1020.03,194.67632653061224,10.693102313206433,0.9010000424754977,0,0
2018-07-01,2018-07,construction_tools_safety,15,15,15,10,10,2142.90,1888.95,253.95,142.86,11.850762984740305,0.20240325553674063,0,0
2018-07-01,2018-07,books_technical,28,28,28,16,5,2605.41,2106.81,498.60,93.05035714285714,19.137103181457046,0.24608869569647646,0,0
2018-07-01,2018-07,construction_tools_construction,115,98,98,78,49,17589.95,15237.47,2352.48,152.95608695652174,13.37400049460061,1.6614229057485141,0,0
2018-07-01,2018-07,signaling_and_security,29,19,19,18,11,6136.19,3785.19,2351.00,211.59275862068966,38.31367672774148,0.5795813302496582,0,0
2018-07-01,2018-07,industry_commerce_and_business,14,13,13,9,7,5593.90,4697.21,896.69,399.5642857142857,16.02978244158816,0.5283604326599344,0,0
2018-07-01,2018-07,luggage_accessories,54,53,53,39,25,7193.09,5821.72,1371.37,133.20537037037036,19.065102758341684,0.6794086673987464,0,0
2018-07-01,2018-07,food_drink,18,15,15,11,9,1164.97,813.73,351.24,64.72055555555555,30.150132621440896,0.11003486891718546,0,0
2018-07-01,2018-07,furniture_bedroom,10,7,7,5,5,1838.77,1386.90,451.87,183.877,24.574579746243412,0.17367727574002173,0,0
2018-07-01,2018-07,books_imported,8,6,6,7,2,516.61,402.78,113.83,64.57625,22.0340295387236,0.04879534548641354,0,0
2018-07-01,2018-07,furniture_decor,440,347,345,264,107,57406.26,45715.49,11690.77,130.46877272727272,20.364974133483003,5.422191381860363,0,0
2018-07-01,2018-07,office_furniture,82,64,63,50,13,17388.52,13775.27,3613.25,212.05512195121952,20.77951430023947,1.6423972453057656,0,0
2018-07-01,2018-07,health_beauty,784,713,708,395,171,122743.98,105813.03,16930.95,156.56119897959184,13.793711105017126,11.593532665797088,0,0
2018-07-01,2018-07,electronics,159,145,145,95,44,13812.32,11150.75,2661.57,86.86993710691824,19.269536182190972,1.3046145571492993,0,0
2018-07-01,2018-07,musical_instruments,37,33,33,27,14,11151.22,9541.80,1609.42,301.3843243243243,14.432680908456653,1.053265775914141,0,0
2018-07-01,2018-07,computers,8,8,8,6,3,11947.48,11239.00,708.48,1493.435,5.929953429509822,1.1284748926501926,0,0
2018-07-01,2018-07,fashion_underwear_beach,2,2,2,2,1,141.33,109.80,31.53,70.665,22.309488431330927,0.013349037334923493,0,0
2017-11-01,2017-11,air_conditioning,19,16,16,14,11,4513.56,4076.62,436.94,237.5557894736842,9.680606882372228,0.38278283911045047,0,0
2017-11-01,2017-11,christmas_supplies,24,20,20,18,7,1791.98,1340.58,451.40,74.66583333333334,25.19001328139823,0.15197298629665829,0,0
2017-11-01,2017-11,market_place,16,11,11,11,9,1682.61,1355.98,326.63,105.163125,19.412103814906605,0.1426976118442283,0,0
2017-11-01,2017-11,furniture_mattress_and_upholstery,2,2,2,2,2,412.81,334.00,78.81,206.405,19.091107289067608,0.035009301707119224,0,0
2017-11-01,2017-11,toys,495,452,449,254,80,73820.14,64320.89,9499.25,149.13159595959596,12.868100764913207,6.260486793735084,0,0
2017-11-01,2017-11,furniture_living_room,39,29,29,25,13,7657.90,6212.95,1444.95,196.35641025641024,18.868749918384935,0.6494458262710407,0,0
2017-11-01,2017-11,home_appliances,25,25,25,21,7,5069.98,4515.94,554.04,202.7992,10.927853758791949,0.42997131723810067,0,0
2017-11-01,2017-11,stationery,166,152,152,106,36,20139.56,16699.09,3440.47,121.32265060240964,17.08314382240724,1.7079817162584,0,0
2017-11-01,2017-11,tablets_printing_image,6,6,6,4,3,442.39,350.40,91.99,73.73166666666667,20.793869662514975,0.037517901655028885,0,0
2017-11-01,2017-11,bed_bath_table,975,817,803,506,55,106669.19,89412.54,17256.65,109.40429743589743,16.177726670653445,9.046326047246978,0,0
2017-11-01,2017-11,home_comfort_2,3,3,3,1,1,80.75,38.70,42.05,26.916666666666668,52.074303405572756,0.006848189512971773,0,0
2017-11-01,2017-11,perfumery,311,293,292,150,48,36718.19,31831.81,4886.38,118.06491961414791,13.307791043077014,3.113970572053313,0,0
2017-11-01,2017-11,kitchen_dining_laundry_garden_furniture,33,28,28,15,14,6387.13,5007.39,1379.74,193.54939393939395,21.60187752558661,0.5416752530524755,0,0
2017-11-01,2017-11,audio,36,33,33,12,10,4195.14,3677.23,517.91,116.53166666666667,12.345475955510423,0.35577849849471704,0,0
2017-11-01,2017-11,construction_tools_lights,10,9,9,3,3,2606.99,2199.48,407.51,260.699,15.631437021239055,0.22109178425290751,0,0
2017-11-01,2017-11,fashion_shoes,20,18,18,18,6,2111.77,1777.70,334.07,105.5885,15.819431093348234,0.1790935129140359,0,0
2017-11-01,2017-11,food,17,11,11,8,4,771.28,556.95,214.33,45.36941176470588,27.788870449123536,0.06541017470668568,0,0
2017-11-01,2017-11,fashion_male_clothing,12,11,11,11,5,1098.46,929.99,168.47,91.53833333333333,15.336926242193616,0.09315742727453837,0,0
2017-11-01,2017-11,baby,203,190,190,116,53,25820.88,21738.78,4082.10,127.19645320197044,15.809298521196798,2.1897991285659764,0,0
2017-11-01,2017-11,agro_industry_and_commerce,19,13,13,7,5,14610.32,13932.49,677.83,768.9642105263158,4.639391881902656,1.2390617982063374,0,0
2017-11-01,2017-11,auto,263,245,244,184,66,40620.43,34955.38,5665.05,154.4503041825095,13.94630731383198,3.4449090122402968,0,0
2017-11-01,2017-11,unknown,122,115,115,86,46,16253.19,14115.98,2137.21,133.22286885245902,13.14948019434954,1.3783891679298785,122,0
2017-11-01,2017-11,pet_shop,99,84,84,72,26,13434.51,11325.68,2108.83,135.7021212121212,15.69711139446098,1.139344526240426,0,0
2017-11-01,2017-11,small_appliances,31,30,30,25,14,8595.21,7826.82,768.39,277.2648387096774,8.939746672856161,0.7289365570748001,0,0
2017-11-01,2017-11,dvds_blu_ray,3,3,3,3,2,145.67,79.79,65.88,48.556666666666665,45.22550971373653,0.012353879459499667,0,0
2017-11-01,2017-11,party_supplies,4,4,4,4,3,934.34,870.69,63.65,233.585,6.8122953100584365,0.07923885312136279,0,0
2017-11-01,2017-11,art,1,1,1,1,1,92.78,75.00,17.78,92.78,19.163612847596465,0.007868421337628743,0,0
2017-11-01,2017-11,fashion_bags_accessories,200,185,179,151,40,16179.65,13414.89,2764.76,80.89825,17.08788509022136,1.372152439053297,0,0
2017-11-01,2017-11,cds_dvds_musicals,3,3,3,1,1,224.82,195.00,29.82,74.94,13.263944488924473,0.019066377291719058,0,0
2017-11-01,2017-11,costruction_tools_garden,17,14,14,14,6,1578.65,1218.50,360.15,92.86176470588235,22.813796598359357,0.1338810448873423,0,0
2017-11-01,2017-11,sports_leisure,612,557,546,385,135,75610.20,64874.05,10736.15,123.54607843137255,14.19934082967642,6.41229695001484,0,0
2017-11-01,2017-11,books_general_interest,38,38,38,28,16,3235.05,2664.96,570.09,85.1328947368421,17.62229331849585,0.2743558573862456,0,0
2017-11-01,2017-11,costruction_tools_tools,5,4,4,3,1,349.54,269.50,80.04,69.908,22.898666819248152,0.029643543806367224,0,0
2017-11-01,2017-11,cool_stuff,302,291,291,150,77,62966.12,56295.24,6670.88,208.49708609271522,10.594395843351949,5.339986658285104,0,0
2017-11-01,2017-11,computers,7,7,7,2,1,10060.40,9768.00,292.40,1437.2,2.90644507176653,0.8531953656507891,0,0
2017-11-01,2017-11,garden_tools,550,433,430,78,48,58200.10,45972.18,12227.92,105.81836363636364,21.010135721416287,4.935793368097937,0,0
2017-11-01,2017-11,flowers,6,6,6,5,2,269.29,187.80,81.49,44.88166666666667,30.26105685320658,0.022837757943630573,0,0
2017-11-01,2017-11,home_appliances_2,13,13,13,10,7,5428.50,4854.93,573.57,417.5769230769231,10.565902182923459,0.4603764306026906,0,0
2017-11-01,2017-11,cine_photo,1,1,1,1,1,259.94,242.00,17.94,259.94,6.901592675232746,0.02204480968423384,0,0
2017-11-01,2017-11,furniture_bedroom,3,3,3,3,3,1050.46,873.00,177.46,350.1533333333333,16.89355139653104,0.08908667685196692,0,0
2017-11-01,2017-11,books_imported,4,3,3,3,2,372.50,324.00,48.50,93.125,13.020134228187919,0.03159071942516391,0,0
2017-11-01,2017-11,signaling_and_security,5,3,3,3,2,792.79,596.79,196.00,158.558,24.722814364459694,0.06723437973980051,0,0
2017-11-01,2017-11,computers_accessories,532,444,441,265,83,83249.82,72656.00,10593.82,156.48462406015037,12.725336823551089,7.060192498833285,0,0
2017-11-01,2017-11,la_cuisine,1,1,1,1,1,137.11,137.00,0.11,137.11,0.08022755451826999,0.011627928967474424,0,0
2017-11-01,2017-11,telephony,383,351,349,218,39,32415.96,26564.88,5851.08,84.63697127937337,18.04999759377788,2.749110059751238,0,0
2017-11-01,2017-11,housewares,423,353,350,234,97,43400.41,34855.32,8545.09,102.60144208037825,19.688961463728106,3.680671611401551,0,0
2017-11-01,2017-11,home_confort,45,40,40,21,6,6245.13,5355.39,889.74,138.78066666666666,14.246941216595971,0.5296326163857016,0,0
2017-11-01,2017-11,watches_gifts,469,430,428,229,31,105672.80,97724.57,7948.23,225.31513859275054,7.521547645184001,8.961824901131436,0,0
2017-11-01,2017-11,fixed_telephony,5,5,5,5,4,1036.48,943.98,92.50,207.296,8.924436554492127,0.08790107079139298,0,0
2017-11-01,2017-11,fashion_sport,1,1,1,1,1,67.68,59.90,7.78,67.68,11.495271867612292,0.005739758095825753,0,0
2017-11-01,2017-11,industry_commerce_and_business,7,7,7,7,6,2350.58,2074.77,275.81,335.79714285714283,11.733699767716905,0.19934634433933363,0,0
2017-11-01,2017-11,books_technical,6,5,5,3,1,863.82,768.90,94.92,143.97,10.988400361186358,0.07325824229220157,0,0
2017-11-01,2017-11,construction_tools_construction,47,36,36,30,19,8596.29,6993.56,1602.73,182.89978723404255,18.644438472876086,0.729028148959308,0,0
2017-11-01,2017-11,luggage_accessories,72,65,65,40,15,10796.04,8538.95,2257.09,149.945,20.906647252140598,0.9155830081687155,0,0
2017-11-01,2017-11,food_drink,33,28,27,15,8,3031.35,2445.57,585.78,91.85909090909091,19.324063536048296,0.257080610280458,0,0
2017-11-01,2017-11,fashio_female_clothing,3,3,3,3,2,115.92,79.88,36.04,38.64,31.090407177363698,0.009830862270510067,0,0
2017-11-01,2017-11,home_construction,38,33,33,20,14,5726.54,4936.72,789.82,150.69842105263157,13.792272471684473,0.48565239843484054,0,0
2017-11-01,2017-11,consoles_games,134,129,129,53,17,14802.59,12608.88,2193.71,110.4670895522388,14.819771404869012,1.2553676978677502,0,0
2017-11-01,2017-11,construction_tools_safety,15,13,13,13,2,3560.71,3318.59,242.12,237.38066666666666,6.799767462107276,0.3019742028573835,0,0
2017-11-01,2017-11,furniture_decor,783,547,537,360,108,78082.92,63223.97,14858.95,99.72275862068966,19.029705856287137,6.622001658033608,0,0
2017-11-01,2017-11,electronics,184,165,165,88,28,12947.72,10026.14,2921.58,70.36804347826087,22.564436055151024,1.0980611804445186,0,0
2017-11-01,2017-11,health_beauty,584,530,526,269,114,89633.09,79120.40,10512.69,153.4813184931507,11.728581487037879,7.601540395705945,0,0
2017-11-01,2017-11,fashion_underwear_beach,10,10,10,9,4,1391.86,1221.60,170.26,139.186,12.23255212449528,0.1180398892325064,0,0
2017-11-01,2017-11,office_furniture,102,76,76,55,9,22864.48,18048.20,4816.28,224.16156862745098,21.064463307278363,1.9390748254557626,0,0
2017-11-01,2017-11,musical_instruments,49,44,44,39,18,17895.62,16509.90,1385.72,365.2167346938775,7.7433472548031315,1.5176792224412126,0,0
2017-11-01,2017-11,drinks,19,15,15,14,5,1003.68,748.61,255.07,52.82526315789474,25.41347839948988,0.08511939133596914,0,0
2018-06-01,2018-06,perfumery,189,169,169,105,49,31001.59,27335.86,3665.73,164.0295767195767,11.824329010221733,3.0314152626335793,0,0
2018-06-01,2018-06,baby,225,207,207,130,67,37038.15,30755.12,6283.03,164.614,16.963671241679187,3.621685636437096,0,0
2018-06-01,2018-06,construction_tools_lights,44,35,35,10,5,5538.59,4583.41,955.18,125.87704545454545,17.245905546357466,0.5415775855196368,0,0
2018-06-01,2018-06,audio,20,19,19,6,5,2228.39,1830.69,397.70,111.4195,17.846965746570394,0.2178977096690861,0,0
2018-06-01,2018-06,construction_tools_construction,113,108,107,72,44,25372.45,22947.72,2424.73,224.5349557522124,9.55654656921188,2.4809834650547717,0,0
2018-06-01,2018-06,food_drink,11,9,9,7,4,512.81,293.85,218.96,46.61909090909091,42.69807531054387,0.05014388167933083,0,0
2018-06-01,2018-06,furniture_bedroom,9,8,8,5,5,1941.82,1559.99,381.83,215.7577777777778,19.66351155101915,0.18987615749021702,0,0
2018-06-01,2018-06,food,24,24,24,11,10,1693.59,1371.18,322.41,70.56625,19.0370750890121,0.16560358919150933,0,0
2018-06-01,2018-06,books_technical,26,26,26,17,7,2184.59,1747.43,437.16,84.02269230769231,20.01107759350725,0.2136148329358814,0,0
2018-06-01,2018-06,kitchen_dining_laundry_garden_furniture,30,22,22,16,12,4742.20,3667.43,1074.77,158.07333333333332,22.663953439331955,0.46370452155715114,0,0
2018-06-01,2018-06,signaling_and_security,27,18,18,18,14,6940.76,5863.18,1077.58,257.06518518518516,15.52538915046767,0.6786853770492625,0,0
2018-06-01,2018-06,books_imported,9,9,9,3,2,606.16,468.17,137.99,67.35111111111111,22.76461660287713,0.05927188494519057,0,0
2018-06-01,2018-06,fashion_shoes,10,10,10,10,3,1450.18,1230.58,219.60,145.018,15.142947772000717,0.14180233289860178,0,0
2018-06-01,2018-06,consoles_games,43,41,41,26,14,7642.03,6903.01,739.02,177.72162790697675,9.670467140275555,0.7472573625902315,0,0
2018-06-01,2018-06,construction_tools_safety,16,16,16,12,6,2972.88,2565.37,407.51,185.805,13.70758321896612,0.2906958580504457,0,0
2018-06-01,2018-06,home_construction,71,60,60,42,13,10936.73,9094.59,1842.14,154.03845070422534,16.84360864719162,1.0694216085466115,0,0
2018-06-01,2018-06,luggage_accessories,36,36,36,26,16,6138.72,5070.88,1067.84,170.52,17.39515729663513,0.6002598415447081,0,0
2018-06-01,2018-06,industry_commerce_and_business,26,21,21,12,5,3533.92,2609.90,924.02,135.92,26.14716801738579,0.34555579326499253,0,0
2018-06-01,2018-06,fashion_childrens_clothes,1,1,1,1,1,97.48,89.99,7.49,97.48,7.683627410750923,0.009531845295725842,0,0
2018-06-01,2018-06,housewares,584,470,468,361,163,70411.83,56825.45,13586.38,120.56820205479453,19.295592800243934,6.88504996459733,0,0
2018-06-01,2018-06,telephony,219,205,205,117,37,26562.72,22776.82,3785.90,121.29095890410959,14.252681954257696,2.597371129192478,0,0
2018-06-01,2018-06,home_confort,16,16,16,13,4,2701.94,2386.49,315.45,168.87125,11.6749446693857,0.2642026475003435,0,0
2018-06-01,2018-06,drinks,33,30,30,14,6,2053.40,1567.07,486.33,62.224242424242426,23.684133632024935,0.20078673707676903,0,0
2018-06-01,2018-06,fixed_telephony,17,15,15,11,9,2422.52,2080.32,342.20,142.50117647058823,14.12578637121675,0.23688024072426928,0,0
2018-06-01,2018-06,stationery,167,145,144,106,49,16026.05,12859.08,3166.97,95.96437125748503,19.761388489365753,1.5670684171272788,0,0
2018-06-01,2018-06,computers_accessories,408,358,358,182,77,51137.98,42326.45,8811.53,125.33818627450981,17.230891795100234,5.00040330422571,0,0
2018-06-01,2018-06,christmas_supplies,7,6,6,6,4,476.71,306.19,170.52,68.10142857142857,35.77017473935936,0.046613930764520584,0,0
2018-06-01,2018-06,bed_bath_table,773,657,655,472,88,88024.74,71565.48,16459.26,113.87417852522638,18.698447731853566,8.60728563681258,0,0
2018-06-01,2018-06,home_appliances,67,67,60,53,16,7263.28,5916.37,1346.91,108.40716417910448,18.54410128757256,0.710222212756869,0,0
2018-06-01,2018-06,air_conditioning,15,9,9,8,7,4092.94,3567.90,525.04,272.86266666666666,12.827942750199123,0.4002182076804281,0,0
2018-06-01,2018-06,health_beauty,885,799,795,399,171,125197.75,107908.82,17288.93,141.46638418079095,13.809297691052755,12.242158231154699,0,0
2018-06-01,2018-06,furniture_decor,405,318,316,239,91,52528.92,42190.22,10338.70,129.70103703703703,19.681919978556575,5.136412997451366,0,0
2018-06-01,2018-06,electronics,191,174,174,103,38,12946.08,9664.57,3281.51,67.78052356020942,25.34751832214848,1.2659010232467216,0,0
2018-06-01,2018-06,musical_instruments,47,46,46,36,18,17970.76,16177.92,1792.84,382.3565957446809,9.976428375872807,1.7572271662558283,0,0
2018-06-01,2018-06,office_furniture,77,60,60,43,9,16654.57,12725.58,3928.99,216.29311688311688,23.5910623930849,1.6285267204230278,0,0
2018-06-01,2018-06,computers,13,8,8,7,2,13867.87,13127.00,740.87,1066.7592307692307,5.342348897126956,1.3560360219659164,0,0
2018-06-01,2018-06,fashion_underwear_beach,7,3,3,3,2,236.76,129.30,107.46,33.822857142857146,45.38773441459706,0.023151002177021446,0,0
2018-06-01,2018-06,watches_gifts,481,448,446,204,35,95855.50,86885.56,8969.94,199.28378378378378,9.35777289774713,9.37299750455938,0,0
2018-06-01,2018-06,cool_stuff,103,100,100,60,42,22026.04,19316.37,2709.67,213.84504854368933,12.30212058091241,2.153762882206291,0,0
2018-06-01,2018-06,garden_tools,185,149,149,78,45,23126.03,18018.71,5107.32,125.00556756756757,22.08472444254375,2.261322735579757,0,0
2018-06-01,2018-06,home_appliances_2,19,18,17,14,11,9112.54,8312.72,799.82,479.6073684210526,8.777135683355024,0.8910476152145421,0,0
2018-06-01,2018-06,cine_photo,13,9,9,7,7,609.36,435.85,173.51,46.87384615384615,28.4741367992648,0.05958478918140644,0,0
2018-06-01,2018-06,music,3,3,3,3,2,169.56,109.08,60.48,56.52,35.6687898089172,0.01658001321648824,0,0
2018-06-01,2018-06,flowers,2,1,1,1,1,140.70,108.00,32.70,70.35,23.240938166311302,0.013758008136116395,0,0
2018-06-01,2018-06,diapers_and_hygiene,7,7,7,3,3,427.70,321.00,106.70,61.1,24.947393032499416,0.04182160682172695,0,0
2018-06-01,2018-06,party_supplies,2,2,2,2,2,112.38,84.80,27.58,56.19,24.54173340452038,0.010988805645605972,0,0
2018-06-01,2018-06,dvds_blu_ray,6,5,5,5,4,505.03,382.88,122.15,84.17166666666667,24.18668197928836,0.049383133255031006,0,0
2018-06-01,2018-06,pet_shop,178,151,151,113,52,23421.37,19491.78,3929.59,131.58073033707865,16.777797370521025,2.290201840931005,0,0
2018-06-01,2018-06,agro_industry_and_commerce,10,10,10,8,7,3843.05,3515.80,327.25,384.305,8.515371905127438,0.37578332030918343,0,0
2018-06-01,2018-06,fashion_bags_accessories,87,82,82,54,25,9388.36,7869.95,1518.41,107.91218390804598,16.17332526660673,0.9180180047248735,0,0
2018-06-01,2018-06,costruction_tools_garden,11,11,11,8,3,1067.60,799.44,268.16,97.05454545454545,25.11802173098539,0.10439267580751857,0,0
2018-06-01,2018-06,furniture_living_room,29,27,27,20,11,4529.65,3541.62,988.03,156.19482758620688,21.812502069696336,0.44292083549225036,0,0
2018-06-01,2018-06,tablets_printing_image,1,1,1,1,1,72.85,50.00,22.85,72.85,31.36582017844887,0.007123460502601843,0,0
2018-06-01,2018-06,unknown,23,22,22,19,13,2805.70,2387.13,418.57,121.98695652173913,14.918558648465625,0.27434856735964297,23,0
2018-06-01,2018-06,small_appliances,50,44,44,26,24,17190.08,16022.70,1167.38,343.8016,6.791009698616876,1.680890266528015,0,0
2018-06-01,2018-06,auto,300,272,270,221,107,52446.51,45407.49,7039.02,174.8217,13.421331562386133,5.128354735543069,0,0
2018-06-01,2018-06,fashion_male_clothing,7,6,6,5,4,554.43,447.80,106.63,79.20428571428572,19.232364771026102,0.05421359240161345,0,0
2018-06-01,2018-06,art,28,28,28,10,9,3019.18,2500.14,519.04,107.82785714285714,17.191422836664263,0.29522319121819396,0,0
2018-06-01,2018-06,costruction_tools_tools,4,4,4,2,2,623.81,527.00,96.81,155.9525,15.5191484586653,0.06099774737306871,0,0
2018-06-01,2018-06,books_general_interest,39,33,33,29,12,3958.62,3345.39,613.23,101.50307692307692,15.491004440941541,0.3870840523652671,0,0
2018-06-01,2018-06,sports_leisure,426,377,376,275,140,54825.25,45851.01,8974.24,128.69776995305165,16.368808167769412,5.36095405518561,0,0
2018-06-01,2018-06,toys,191,177,176,147,77,25293.65,21221.45,4072.20,132.42748691099476,16.099693005952087,2.473278198237956,0,0
2018-06-01,2018-06,home_comfort_2,2,1,1,1,1,51.38,25.80,25.58,25.69,49.7859089139743,0.005024068642741011,0,0
2018-06-01,2018-06,market_place,7,7,7,5,5,678.79,556.46,122.33,96.97,18.021774039098986,0.06637383328155257,0,0
2018-06-01,2018-06,small_appliances_home_oven_and_coffee,3,3,3,2,2,3672.13,3499.00,173.13,1224.0433333333333,4.7147023662016325,0.35907032279230344,0,0
2017-01-01,2017-01,garden_tools,58,40,40,26,19,9225.17,8152.75,1072.42,159.0546551724138,11.624934825049294,6.72444896798558,0,0
2017-01-01,2017-01,computers_accessories,31,24,24,21,12,4377.60,3924.14,453.46,141.21290322580646,10.358644005847953,3.1909382485367397,0,0
2017-01-01,2017-01,home_appliances_2,8,7,7,5,4,2268.60,2126.68,141.92,283.575,6.255840606541479,1.6536372694239876,0,0
2017-01-01,2017-01,cool_stuff,40,32,32,27,21,8730.86,7784.87,945.99,218.2715,10.835015107331923,6.364134483876891,0,0
2017-01-01,2017-01,music,2,2,2,1,1,37.24,19.80,17.44,18.62,46.83136412459721,0.027145134405954903,0,0
2017-01-01,2017-01,auto,34,30,30,25,16,5844.21,5218.53,625.68,171.8885294117647,10.705980791244668,4.2599856591467695,0,0
2017-01-01,2017-01,agro_industry_and_commerce,3,2,2,1,1,107.76,65.97,41.79,35.92,38.78062360801781,0.07854886368382655,0,0
2017-01-01,2017-01,pet_shop,15,13,11,13,7,1182.39,967.12,215.27,78.826,18.206344776258256,0.8618725958715633,0,0
2017-01-01,2017-01,unknown,13,11,11,10,10,1915.73,1702.64,213.09,147.36384615384614,11.123174977684746,1.396421813520945,13,0
2017-01-01,2017-01,small_appliances,6,6,6,6,5,1788.25,1660.79,127.46,298.0416666666667,7.127638752970782,1.303498566096908,0,0
2017-01-01,2017-01,dvds_blu_ray,2,1,1,2,1,47.80,29.80,18.00,23.9,37.65690376569038,0.03484257316339002,0,0
2017-01-01,2017-01,watches_gifts,11,11,11,11,3,8310.83,8086.52,224.31,755.53,2.6990084022895426,6.0579644837551605,0,0
2017-01-01,2017-01,fashion_male_clothing,1,1,1,1,1,159.11,126.90,32.21,159.11,20.24385645151153,0.11597911749010431,0,0
2017-01-01,2017-01,sports_leisure,80,62,60,50,24,11447.27,9717.62,1729.65,143.090875,15.109716115720166,8.344191265608362,0,0
2017-01-01,2017-01,books_general_interest,2,2,2,2,1,271.55,234.89,36.66,135.775,13.50027619222979,0.19793934607779415,0,0
2017-01-01,2017-01,air_conditioning,4,3,3,3,3,738.36,663.70,74.66,184.59,10.111598678151578,0.5382084167556622,0,0
2017-01-01,2017-01,bed_bath_table,48,45,41,37,10,4817.27,3960.16,857.11,100.35979166666667,17.792442607534973,3.5114243184686997,0,0
2017-01-01,2017-01,stationery,14,7,7,6,4,1754.61,1561.99,192.62,125.32928571428572,10.977938117302422,1.2789775585400789,0,0
2017-01-01,2017-01,perfumery,34,29,29,13,4,5654.01,5112.60,541.41,166.29441176470587,9.575681684326698,4.121344290617967,0,0
2017-01-01,2017-01,baby,41,32,32,27,18,7139.93,6397.87,742.06,174.14463414634147,10.393099092007905,5.204467226077057,0,0
2017-01-01,2017-01,furniture_living_room,10,8,8,5,3,1519.22,1241.90,277.32,151.922,18.25410407972512,1.1073961088135018,0,0
2017-01-01,2017-01,toys,43,43,43,29,14,5570.38,4814.09,756.29,129.54372093023255,13.576991156797202,4.06038436606453,0,0
2017-01-01,2017-01,market_place,6,6,6,5,4,548.22,447.04,101.18,91.37,18.456094268724232,0.3996107836743447,0,0
2017-01-01,2017-01,home_comfort_2,2,2,2,2,2,95.57,72.80,22.77,47.785,23.825468243172544,0.06966327860303732,0,0
2017-01-01,2017-01,office_furniture,10,7,7,5,2,1817.74,1444.35,373.39,181.774,20.541441570301583,1.3249945385359954,0,0
2017-01-01,2017-01,furniture_decor,182,137,128,129,45,16461.75,13521.31,2940.44,90.44917582417582,17.86225644296627,11.999366710720412,0,0
2017-01-01,2017-01,health_beauty,85,82,82,43,26,14039.74,12561.32,1478.42,165.1734117647059,10.530251984723364,10.233905191317435,0,0
2017-01-01,2017-01,musical_instruments,1,1,1,1,1,357.74,339.74,18.00,357.74,5.031587186224632,0.26076531639060974,0,0
2017-01-01,2017-01,fashion_underwear_beach,2,2,2,2,1,171.15,137.25,33.90,85.575,19.807186678352323,0.12475536395217997,0,0
2017-01-01,2017-01,electronics,11,11,11,6,6,772.43,617.00,155.43,70.22090909090909,20.122211721450487,0.5630428616861372,0,0
2017-01-01,2017-01,computers,1,1,1,1,1,2217.99,2199.99,18.00,2217.99,0.8115455885734382,1.61674641947003,0,0
2017-01-01,2017-01,food,2,2,2,2,1,78.82,42.82,36.00,39.41,45.673686881502164,0.05745379951335568,0,0
2017-01-01,2017-01,kitchen_dining_laundry_garden_furniture,1,1,1,1,1,128.20,110.00,18.20,128.2,14.19656786271451,0.09344807279386194,0,0
2017-01-01,2017-01,fashion_shoes,1,1,1,1,1,49.01,34.90,14.11,49.01,28.790042848398286,0.035724571354346125,0,0
2017-01-01,2017-01,housewares,28,21,21,21,16,3269.76,2827.58,442.18,116.77714285714286,13.523316696026619,2.3834069461658194,0,0
2017-01-01,2017-01,consoles_games,23,21,21,12,6,6393.53,5954.20,439.33,277.9795652173913,6.871477884674038,4.660398259358347,0,0
2017-01-01,2017-01,fashio_female_clothing,2,2,2,2,1,102.81,77.30,25.51,51.405,24.812761404532633,0.07494068926627884,0,0
2017-01-01,2017-01,security_and_services,1,1,1,1,1,209.06,183.29,25.77,209.06,12.326604802449058,0.15238887752172214,0,0
2017-01-01,2017-01,furniture_bedroom,8,8,5,3,1,148.76,73.20,75.56,18.595,50.793223984942195,0.10843475279886819,0,0
2017-01-01,2017-01,luggage_accessories,5,4,4,4,2,565.38,492.50,72.88,113.076,12.890445364179843,0.4121191216551768,0,0
2017-01-01,2017-01,construction_tools_construction,1,1,1,1,1,335.00,310.00,25.00,335.0,7.462686567164179,0.244189581793633,0,0
2017-01-01,2017-01,telephony,26,21,21,18,8,3411.51,2945.86,465.65,131.21192307692309,13.64938106586233,2.48673194085014,0,0
2017-01-01,2017-01,fixed_telephony,22,19,19,7,4,969.56,677.12,292.44,44.07090909090909,30.16213540162548,0.7067356743995069,0,0
2017-01-01,2017-01,fashion_bags_accessories,35,30,29,26,7,2136.61,1671.97,464.64,61.046,21.74659858373779,1.5574265741972961,0,0
2017-08-01,2017-08,computers_accessories,350,297,295,175,64,40946.28,35025.72,5920.56,116.98937142857143,14.459335500074733,6.127805764880996,0,0
2017-08-01,2017-08,food,8,8,8,7,5,500.23,364.50,135.73,62.52875,27.13351858145253,0.07486180131055668,0,0
2017-08-01,2017-08,consoles_games,90,85,85,34,17,10402.29,8824.25,1578.04,115.581,15.170121194467756,1.5567522282845703,0,0
2017-08-01,2017-08,fashio_female_clothing,4,4,4,4,2,235.65,188.70,46.95,58.9125,19.92361553150859,0.03526614453118102,0,0
2017-08-01,2017-08,fashion_childrens_clothes,1,1,1,1,1,66.69,49.90,16.79,66.69,25.176188334083072,0.009980476039823731,0,0
2017-08-01,2017-08,construction_tools_safety,1,1,1,1,1,24.69,8.90,15.79,24.69,63.95301741595787,0.003694976059727814,0,0
2017-08-01,2017-08,home_construction,1,1,1,1,1,141.43,124.80,16.63,141.43,11.758467086191049,0.021165672909165847,0,0
2017-08-01,2017-08,furniture_decor,436,332,329,253,80,44344.52,35511.73,8832.79,101.70761467889908,19.91856039934585,6.636368561365786,0,0
2017-08-01,2017-08,health_beauty,360,345,339,181,78,56269.06,49873.90,6395.16,156.30294444444445,11.36532225702722,8.420932750238475,0,0
2017-08-01,2017-08,electronics,56,52,51,35,14,3765.86,2854.15,911.71,67.2475,24.209875035184524,0.5635788798820003,0,0
2017-08-01,2017-08,computers,29,29,28,7,1,34826.00,33700.00,1126.00,1200.896551724138,3.2332165623384825,5.211876721590962,0,0
2017-08-01,2017-08,musical_instruments,27,24,24,23,13,7830.32,7185.55,644.77,290.0118518518519,8.234273950489891,1.171844671527254,0,0
2017-08-01,2017-08,office_furniture,58,46,46,33,5,12389.04,9877.36,2511.68,213.60413793103447,20.27340294324661,1.854078825557322,0,0
2017-08-01,2017-08,fashion_underwear_beach,13,13,13,10,4,1308.87,1111.00,197.87,100.68230769230769,15.117620542911062,0.1958786275940034,0,0
2017-08-01,2017-08,telephony,136,131,131,92,30,13224.63,10930.29,2294.34,97.23992647058823,17.348991994483022,1.9791288476613302,0,0
2017-08-01,2017-08,housewares,288,249,248,192,82,29046.78,23733.94,5312.84,100.856875,18.29063324747184,4.346988931234535,0,0
2017-08-01,2017-08,la_cuisine,2,2,2,2,1,373.52,313.00,60.52,186.76,16.202612979224675,0.05589904648965302,0,0
2017-08-01,2017-08,fixed_telephony,20,14,14,11,10,3640.31,3343.54,296.77,182.0155,8.152327686378358,0.5447897245843564,0,0
2017-08-01,2017-08,fashion_sport,2,2,2,2,2,389.44,265.80,123.64,194.72,31.748151191454397,0.058281550291632234,0,0
2017-08-01,2017-08,drinks,2,2,2,2,2,148.77,119.90,28.87,74.385,19.405794178933924,0.022264138858068324,0,0
2017-08-01,2017-08,sports_leisure,425,383,378,265,105,49581.37,41732.26,7849.11,116.66204705882353,15.830764660193939,7.42008809876496,0,0
2017-08-01,2017-08,books_general_interest,29,29,28,20,15,3714.78,3214.80,499.98,128.09586206896552,13.459208889893883,0.5559345146681122,0,0
2017-08-01,2017-08,fashion_male_clothing,15,13,13,14,7,1444.32,1205.05,239.27,96.288,16.566273402016176,0.21614936502981275,0,0
2017-08-01,2017-08,art,4,4,4,2,2,317.06,244.70,72.36,79.265,22.822178767425722,0.04744953865926694,0,0
2017-08-01,2017-08,construction_tools_construction,7,6,6,5,4,1394.33,1180.00,214.33,199.19,15.371540453120854,0.2086681235058843,0,0
2017-08-01,2017-08,luggage_accessories,63,58,58,35,7,8510.77,6833.10,1677.67,135.0915873015873,19.71231745188743,1.2736772539428791,0,0
2017-08-01,2017-08,industry_commerce_and_business,3,3,3,3,3,1043.95,956.90,87.05,347.98333333333335,8.338521959863979,0.15623208819574125,0,0
2017-08-01,2017-08,signaling_and_security,4,4,4,3,3,443.47,377.80,65.67,110.8675,14.808217015807156,0.06636739705174134,0,0
2017-08-01,2017-08,food_drink,15,12,12,8,6,728.95,494.81,234.14,48.596666666666664,32.120172851361545,0.10909083834502187,0,0
2017-08-01,2017-08,books_technical,9,9,9,8,5,1324.98,1196.38,128.60,147.22,9.70580688010385,0.1982895658006545,0,0
2017-08-01,2017-08,books_imported,1,1,1,1,1,70.34,61.00,9.34,70.34,13.278362240545919,0.010526715919046352,0,0
2017-08-01,2017-08,furniture_bedroom,3,3,3,3,3,702.36,618.00,84.36,234.12,12.010934563471723,0.10511151823857544,0,0
2017-08-01,2017-08,furniture_living_room,23,21,21,15,8,3158.06,2478.07,679.99,137.30695652173912,21.53188983109884,0.47261871588432647,0,0
2017-08-01,2017-08,furniture_mattress_and_upholstery,2,2,2,2,2,633.66,509.39,124.27,316.83,19.61146356090017,0.09483023612827568,0,0
2017-08-01,2017-08,small_appliances_home_oven_and_coffee,2,2,2,2,2,133.86,109.06,24.80,66.93,18.526819064694454,0.020032786365134274,0,0
2017-08-01,2017-08,toys,184,170,169,124,47,21301.44,18126.87,3174.57,115.76869565217392,14.903076975077742,3.1878619213336754,0,0
2017-08-01,2017-08,market_place,23,22,22,15,12,2360.93,1937.39,423.54,102.6491304347826,17.939540774186444,0.3533244159049489,0,0
2017-08-01,2017-08,tablets_printing_image,6,6,6,5,3,557.82,450.89,106.93,92.97,19.169266071492594,0.08348041902135962,0,0
2017-08-01,2017-08,home_comfort_2,3,2,2,1,1,69.91,38.70,31.21,23.303333333333335,44.64311257330854,0.010462364371631085,0,0
2017-08-01,2017-08,cool_stuff,264,241,240,125,56,47492.44,41720.03,5772.41,179.89560606060607,12.154376570249918,7.107469777969203,0,0
2017-08-01,2017-08,garden_tools,238,199,198,83,39,29064.81,24269.40,4795.41,122.12105042016806,16.49902407757009,4.349687206583133,0,0
2017-08-01,2017-08,home_appliances_2,17,17,15,11,7,4798.48,4004.55,793.93,282.2635294117647,16.545447725112954,0.7181153796307299,0,0
2017-08-01,2017-08,watches_gifts,212,195,195,120,17,39844.70,36419.20,3425.50,187.94669811320756,8.597128350822068,5.962949072783995,0,0
2017-08-01,2017-08,baby,132,125,125,79,37,23148.53,19982.13,3166.40,175.36765151515152,13.678622357445592,3.464287734624994,0,0
2017-08-01,2017-08,perfumery,128,118,118,66,30,15050.36,13142.09,1908.27,117.5809375,12.679231593131327,2.2523580352484855,0,0
2017-08-01,2017-08,audio,7,7,7,6,6,1146.44,1050.70,95.74,163.77714285714285,8.351069397439028,0.1715702046947896,0,0
2017-08-01,2017-08,construction_tools_lights,2,2,2,1,1,670.98,589.00,81.98,335.49,12.217949864377477,0.1004153518248752,0,0
2017-08-01,2017-08,fashion_shoes,22,18,18,21,5,1856.37,1491.69,364.68,84.38045454545454,19.644790639797023,0.2778146094773966,0,0
2017-08-01,2017-08,kitchen_dining_laundry_garden_furniture,7,7,7,7,7,1231.29,1006.20,225.09,175.89857142857142,18.28082742489584,0.18426841120219767,0,0
2017-08-01,2017-08,dvds_blu_ray,6,6,6,5,1,231.83,113.40,118.43,38.638333333333335,51.084846654876415,0.03469446334251515,0,0
2017-08-01,2017-08,fashion_bags_accessories,99,89,87,77,28,8041.89,6617.68,1424.21,81.23121212121212,17.709891580213107,1.2035071294031798,0,0
2017-08-01,2017-08,costruction_tools_garden,10,7,7,7,7,1483.00,1286.19,196.81,148.3,13.271072151045178,0.22193801120195822,0,0
2017-08-01,2017-08,cds_dvds_musicals,3,2,2,1,1,177.16,135.00,42.16,59.053333333333335,23.7976969970648,0.026512837535090303,0,0
2017-08-01,2017-08,air_conditioning,15,12,12,12,8,4563.49,4271.73,291.76,304.23266666666666,6.393352456124589,0.6829480072420933,0,0
2017-08-01,2017-08,christmas_supplies,1,1,1,1,1,76.88,58.90,17.98,76.88,23.387096774193548,0.011505458058804145,0,0
2017-08-01,2017-08,bed_bath_table,512,448,441,281,45,66297.02,57137.23,9159.79,129.4863671875,13.816292195335476,9.921664711676634,0,0
2017-08-01,2017-08,stationery,80,75,74,57,18,7885.50,6366.91,1518.59,98.56875,19.25800519941665,1.1801026212630084,0,0
2017-08-01,2017-08,home_appliances,49,49,44,40,5,5548.78,4587.05,961.73,113.2404081632653,17.332278446793712,0.8304013471323005,0,0
2017-08-01,2017-08,agro_industry_and_commerce,4,1,1,1,1,224.60,88.00,136.60,56.15,60.819234194122885,0.03361245941737007,0,0
2017-08-01,2017-08,unknown,77,66,66,55,40,6524.86,5243.40,1281.46,84.73844155844156,19.63965510371104,0.9764763666697296,77,0
2017-08-01,2017-08,small_appliances,36,32,32,21,14,4838.18,4297.01,541.17,134.39388888888888,11.185404428938154,0.7240566736595349,0,0
2017-08-01,2017-08,auto,166,133,133,104,48,23881.54,20421.11,3460.43,143.86469879518071,14.489978451975878,3.5739861713014247,0,0
2017-08-01,2017-08,pet_shop,90,76,75,69,26,12222.61,10500.79,1721.82,135.80677777777777,14.087171234294475,1.8291717836123846,0,0
2017-08-01,2017-08,home_confort,28,24,24,16,6,4536.12,4000.19,535.93,162.00428571428571,11.814722714566635,0.6788519564217307,0,0
2017-02-01,2017-02,fashio_female_clothing,4,4,4,4,3,519.77,457.80,61.97,129.9425,11.922581141658812,0.18155961797204437,0,0
2017-02-01,2017-02,telephony,111,100,100,57,18,8647.34,6899.09,1748.25,77.90396396396396,20.217199740035664,3.0205816935844276,0,0
2017-02-01,2017-02,home_construction,4,3,3,2,1,764.57,695.60,68.97,191.1425,9.020756765240591,0.26707012161703436,0,0
2017-02-01,2017-02,construction_tools_safety,1,1,1,1,1,396.86,379.00,17.86,396.86,4.50032757143577,0.13862621926695562,0,0
2017-02-01,2017-02,home_appliances,7,7,7,5,2,855.40,740.90,114.50,122.2,13.385550619593173,0.2987977320993646,0,0
2017-02-01,2017-02,stationery,19,19,19,15,10,2646.03,2341.40,304.63,139.26473684210526,11.512719054583659,0.9242784230382064,0,0
2017-02-01,2017-02,bed_bath_table,165,146,143,107,19,19297.79,16282.73,3015.06,116.95630303030303,15.623861592441413,6.740864959702826,0,0
2017-02-01,2017-02,food,9,9,9,5,3,930.20,715.63,214.57,103.35555555555555,23.067082347882174,0.3249259415464449,0,0
2017-02-01,2017-02,kitchen_dining_laundry_garden_furniture,2,2,2,2,2,178.33,139.90,38.43,89.165,21.549935512813324,0.062292026613607304,0,0
2017-02-01,2017-02,fashion_shoes,3,2,2,3,2,157.37,107.05,50.32,52.45666666666666,31.975598907034378,0.054970539046617965,0,0
2017-02-01,2017-02,luggage_accessories,21,20,20,11,4,2136.16,1694.18,441.98,101.72190476190477,20.690397723017004,0.746176950434158,0,0
2017-02-01,2017-02,books_technical,1,1,1,1,1,182.40,159.00,23.40,182.4,12.828947368421053,0.06371370859822785,0,0
2017-02-01,2017-02,industry_commerce_and_business,1,1,1,1,1,134.94,119.00,15.94,134.94,11.812657477397362,0.04713556928862317,0,0
2017-02-01,2017-02,furniture_bedroom,1,1,1,1,1,501.88,450.00,51.88,501.88,10.337132382242768,0.17531050477674667,0,0
2017-02-01,2017-02,construction_tools_construction,3,3,3,3,2,393.57,336.79,56.78,131.19,14.426912620372487,0.13747699722041962,0,0
2017-02-01,2017-02,books_imported,1,1,1,1,1,114.90,99.00,15.90,114.9,13.83812010443864,0.0401354447255284,0,0
2017-02-01,2017-02,perfumery,51,49,49,27,12,8944.28,8127.18,817.10,175.37803921568627,9.135447459158256,3.1243050961675296,0,0
2017-02-01,2017-02,baby,34,33,32,23,15,3714.29,3048.48,665.81,109.24382352941177,17.925633162730968,1.2974297736256126,0,0
2017-02-01,2017-02,audio,5,5,5,4,4,247.85,163.80,84.05,49.57,33.91164010490216,0.0865758918644231,0,0
2017-02-01,2017-02,air_conditioning,12,12,12,5,4,3439.71,3095.30,344.41,286.6425,10.01276270383259,1.2015168892676005,0,0
2017-02-01,2017-02,dvds_blu_ray,1,1,1,1,1,35.70,14.90,20.80,35.7,58.26330532212884,0.012470281781561043,0,0
2017-02-01,2017-02,agro_industry_and_commerce,7,7,6,2,2,331.10,224.84,106.26,47.3,32.093023255813954,0.11565575064075242,0,0
2017-02-01,2017-02,small_appliances,28,25,25,21,13,8022.25,7251.58,770.67,286.50892857142856,9.606656486646514,2.802232997818714,0,0
2017-02-01,2017-02,auto,86,77,77,52,35,15195.67,13162.40,2033.27,176.69383720930233,13.380588022772276,5.307963214555006,0,0
2017-02-01,2017-02,pet_shop,40,37,37,28,16,4510.88,3729.07,781.81,112.772,17.331651473770084,1.5756847250086297,0,0
2017-02-01,2017-02,unknown,58,52,51,38,27,10090.89,9034.10,1056.79,173.9808620689655,10.472713506935465,3.5248246982279134,58,0
2017-02-01,2017-02,costruction_tools_garden,2,1,1,1,1,624.68,579.98,44.70,312.34,7.155663699814306,0.21820547964441322,0,0
2017-02-01,2017-02,fashion_bags_accessories,39,35,33,35,13,2950.25,2374.11,576.14,75.6474358974359,19.528514532666723,1.0305447850434304,0,0
2017-02-01,2017-02,furniture_living_room,24,15,15,11,4,4841.40,3791.63,1049.77,201.725,21.68319081257488,1.6911378772338834,0,0
2017-02-01,2017-02,cine_photo,1,1,1,1,1,95.24,59.00,36.24,95.24,38.0512389752205,0.033268057055346606,0,0
2017-02-01,2017-02,home_appliances_2,1,1,1,1,1,30.11,15.99,14.12,30.11,46.894719362338094,0.0105176522252886,0,0
2017-02-01,2017-02,consoles_games,18,18,18,14,7,4637.96,4294.77,343.19,257.6644444444444,7.399589474682835,1.6200747364596317,0,0
2017-02-01,2017-02,cool_stuff,70,69,69,44,26,14857.05,13323.60,1533.45,212.24357142857144,10.321362585439237,5.189680670665028,0,0
2017-02-01,2017-02,computers_accessories,106,97,96,69,33,13744.35,11972.59,1771.76,129.66367924528302,12.890824229592523,4.8010060897590625,0,0
2017-02-01,2017-02,watches_gifts,37,35,35,32,7,12370.67,11756.21,614.46,334.3424324324324,4.9670713065662575,4.321169208030917,0,0
2017-02-01,2017-02,garden_tools,72,63,63,44,35,14745.30,13144.61,1600.69,204.79583333333332,10.855594664062448,5.150645544920225,0,0
2017-02-01,2017-02,sports_leisure,156,139,137,113,58,19389.03,16372.16,3016.87,124.28865384615385,15.55967472328425,6.772735786306457,0,0
2017-02-01,2017-02,books_general_interest,8,8,8,7,6,950.02,772.71,177.31,118.7525,18.66381760383992,0.3318492184346953,0,0
2017-02-01,2017-02,health_beauty,166,155,154,92,46,26130.08,22838.79,3291.29,157.41012048192772,12.595789986100309,9.127435870440689,0,0
2017-02-01,2017-02,furniture_decor,266,221,220,188,74,26262.32,20986.10,5276.22,98.73052631578948,20.090456593324582,9.173628309174404,0,0
2017-02-01,2017-02,office_furniture,63,53,52,37,5,13900.00,11805.98,2094.02,220.63492063492063,15.064892086330936,4.855375819711442,0,0
2017-02-01,2017-02,electronics,19,14,14,12,10,1555.50,1218.85,336.65,81.86842105263158,21.642558662809385,0.543347991910874,0,0
2017-02-01,2017-02,fashion_underwear_beach,8,6,6,7,2,507.83,396.97,110.86,63.47875,21.830140007482818,0.1773888850736735,0,0
2017-02-01,2017-02,musical_instruments,9,8,8,8,6,2465.25,2221.28,243.97,273.9166666666667,9.896359395598823,0.8611305927729233,0,0
2017-02-01,2017-02,computers,1,1,1,1,1,3602.47,3549.00,53.47,3602.47,1.4842594109041853,1.258370196347905,0,0
2017-02-01,2017-02,tablets_printing_image,8,8,8,3,1,940.52,792.00,148.52,117.565,15.79126440692383,0.3285307961118709,0,0
2017-02-01,2017-02,market_place,22,19,19,15,14,2122.50,1688.22,434.28,96.47727272727273,20.46077738515901,0.7414054084415495,0,0
2017-02-01,2017-02,toys,67,62,61,37,16,10601.29,9403.34,1197.95,158.2282089552239,11.300039900804524,3.703111303866814,0,0
2017-02-01,2017-02,housewares,81,68,68,50,33,14207.49,12659.67,1547.82,175.4011111111111,10.894394435611076,4.962784417610944,0,0
2017-02-01,2017-02,home_confort,3,3,3,3,2,471.27,414.66,56.61,157.09,12.012222292953085,0.16461819874499364,0,0
2017-02-01,2017-02,fashion_male_clothing,7,7,7,7,4,763.02,642.85,120.17,109.00285714285714,15.749259521375587,0.2665286948169946,0,0
2017-02-01,2017-02,fixed_telephony,22,18,18,12,7,1124.89,759.23,365.66,51.13136363636364,32.5062895038626,0.39293264070756867,0,0
2018-04-01,2018-04,construction_tools_safety,24,23,23,16,10,3427.97,2887.26,540.71,142.83208333333334,15.773475263785857,0.2955916007239264,0,0
2018-04-01,2018-04,furniture_decor,594,466,464,300,94,68451.25,56793.01,11658.24,115.23779461279462,17.03144938916382,5.902506311039381,0,0
2018-04-01,2018-04,home_appliances_2,23,23,23,16,11,21959.04,20741.69,1217.35,954.7408695652174,5.543730509166156,1.8935135908309373,0,0
2018-04-01,2018-04,cine_photo,5,5,5,4,3,621.13,521.74,99.39,124.226,16.001481171413392,0.05355963178139026,0,0
2018-04-01,2018-04,music,5,5,5,5,5,1842.06,1696.86,145.20,368.412,7.88247939806521,0.15883962345922392,0,0
2018-04-01,2018-04,flowers,3,3,3,3,2,194.49,158.40,36.09,64.83,18.55622397038408,0.016770744908735036,0,0
2018-04-01,2018-04,fashion_bags_accessories,107,96,96,84,34,10945.34,9030.85,1914.49,102.29289719626168,17.491370756870047,0.9438094764737207,0,0
2018-04-01,2018-04,costruction_tools_garden,18,12,12,14,7,1777.27,1326.79,450.48,98.73722222222223,25.346739662516107,0.1532528243300299,0,0
2018-04-01,2018-04,cds_dvds_musicals,1,1,1,1,1,117.58,65.00,52.58,117.58,44.71848953903725,0.010138846143087384,0,0
2018-04-01,2018-04,pet_shop,170,153,151,111,44,22383.32,18778.30,3605.02,131.6665882352941,16.105832378753465,1.93009897645425,0,0
2018-04-01,2018-04,auto,356,336,335,253,99,57072.56,49629.19,7443.37,160.3161797752809,13.04194169667525,4.921329348801866,0,0
2018-04-01,2018-04,unknown,76,74,74,45,27,9616.41,8240.66,1375.75,126.53171052631579,14.306274378900234,0.8292167157581813,76,0
2018-04-01,2018-04,small_appliances,67,61,61,41,26,13454.91,12211.41,1243.50,200.81955223880598,9.241979322046747,1.1602080486399717,0,0
2018-04-01,2018-04,agro_industry_and_commerce,12,12,12,10,5,4783.66,4500.70,282.96,398.6383333333333,5.915136109171638,0.41249185865658616,0,0
2018-04-01,2018-04,dvds_blu_ray,5,4,3,5,2,267.67,92.50,175.17,53.534,65.44252250905966,0.023081008225210073,0,0
2018-04-01,2018-04,party_supplies,2,1,1,1,1,80.26,43.80,36.46,40.13,45.42736107650137,0.006920767064502411,0,0
2018-04-01,2018-04,computers_accessories,544,481,480,211,82,69850.50,59651.20,10199.30,128.4016544117647,14.601613445859371,6.023162719150582,0,0
2018-04-01,2018-04,la_cuisine,2,1,1,1,1,334.12,280.00,54.12,167.06,16.197773255117923,0.028810948063687336,0,0
2018-04-01,2018-04,small_appliances_home_oven_and_coffee,15,15,15,7,4,14769.18,13980.98,788.20,984.612,5.336789178546135,1.2735366871879856,0,0
2018-04-01,2018-04,garden_tools,288,238,238,104,56,40698.93,35037.64,5661.29,141.31572916666667,13.910169137124734,3.509441992331038,0,0
2018-04-01,2018-04,watches_gifts,505,473,469,194,39,100316.99,92658.57,7658.42,198.64750495049506,7.634220285118204,8.65026813359105,0,0
2018-04-01,2018-04,industry_commerce_and_business,53,48,48,20,8,6882.22,5690.61,1191.61,129.8532075471698,17.314325900654147,0.5934493085803612,0,0
2018-04-01,2018-04,luggage_accessories,57,53,52,36,18,10272.07,8680.48,1591.59,180.21175438596492,15.49434534616684,0.8857538467513492,0,0
2018-04-01,2018-04,books_technical,23,23,23,16,9,1576.46,1172.10,404.36,68.54173913043478,25.649873767808888,0.1359371099739032,0,0
2018-04-01,2018-04,signaling_and_security,36,22,22,20,14,2951.28,2222.30,728.98,81.98,24.700468949066167,0.2544869352370381,0,0
2018-04-01,2018-04,construction_tools_construction,92,78,77,61,36,15576.76,13293.83,2282.93,169.3126086956522,14.656000349238225,1.3431737799608594,0,0
2018-04-01,2018-04,books_imported,4,4,4,4,2,352.37,317.99,34.38,88.0925,9.756789738059426,0.03038463357237372,0,0
2018-04-01,2018-04,food_drink,18,16,16,12,9,885.03,605.07,279.96,49.16833333333334,31.632826005898107,0.07631555538371006,0,0
2018-04-01,2018-04,furniture_bedroom,8,7,7,6,4,1849.22,1470.90,378.32,231.1525,20.458355414715392,0.15945702555468663,0,0
2018-04-01,2018-04,diapers_and_hygiene,4,4,4,4,3,200.57,149.00,51.57,50.1425,25.711721593458645,0.01729501931382069,0,0
2018-04-01,2018-04,fashion_male_clothing,1,1,1,1,1,234.42,195.00,39.42,234.42,16.815971333503967,0.020213882572397895,0,0
2018-04-01,2018-04,art,26,26,26,9,9,2623.04,2140.28,482.76,100.88615384615385,18.404599243625718,0.22618301570984806,0,0
2018-04-01,2018-04,fashio_female_clothing,5,1,1,1,1,218.15,174.95,43.20,43.63,19.80288792115517,0.01881093116273612,0,0
2018-04-01,2018-04,home_construction,76,59,59,38,21,10772.74,9318.50,1454.24,141.74657894736842,13.499258313112541,0.9289262918819798,0,0
2018-04-01,2018-04,consoles_games,48,43,43,25,16,8110.50,7239.40,871.10,168.96875,10.740398249183158,0.6993630859288165,0,0
2018-04-01,2018-04,christmas_supplies,12,9,9,9,3,518.58,275.15,243.43,43.215,46.94164834741023,0.044716812662716925,0,0
2018-04-01,2018-04,sports_leisure,600,532,526,375,149,78936.15,67528.08,11408.07,131.56025,14.452275668372478,6.806612348849016,0,0
2018-04-01,2018-04,books_general_interest,50,43,43,31,12,7209.15,6295.51,913.64,144.183,12.673338743125058,0.6216402676682975,0,0
2018-04-01,2018-04,costruction_tools_tools,17,16,16,8,7,1651.92,1332.99,318.93,97.17176470588235,19.306625018160684,0.14244397619228535,0,0
2018-04-01,2018-04,fashion_shoes,11,11,11,11,4,1717.97,1438.70,279.27,156.17909090909092,16.255813547384413,0.14813942429358593,0,0
2018-04-01,2018-04,health_beauty,694,626,626,321,141,105197.96,91751.04,13446.92,151.5820749279539,12.782491219411478,9.071150969609295,0,0
2018-04-01,2018-04,office_furniture,133,88,88,58,7,26494.80,20194.72,6300.08,199.20902255639098,23.778552772619534,2.284629195372271,0,0
2018-04-01,2018-04,electronics,214,203,203,101,32,14750.55,11022.43,3728.12,68.92780373831776,25.274447393487023,1.2719302345289814,0,0
2018-04-01,2018-04,musical_instruments,60,57,57,41,21,21176.37,19375.31,1801.06,352.9395,8.50504595452384,1.8260244709907416,0,0
2018-04-01,2018-04,fashion_underwear_beach,6,6,6,6,2,440.18,359.40,80.78,73.36333333333333,18.3515834431369,0.03795643217608611,0,0
2018-04-01,2018-04,computers,15,13,13,4,3,14571.61,13774.92,796.69,971.4406666666666,5.467412317513301,1.25650035590299,0,0
2018-04-01,2018-04,air_conditioning,23,22,21,17,11,3921.12,3261.79,659.33,170.48347826086956,16.81483861753785,0.3381156011956354,0,0
2018-04-01,2018-04,home_comfort_2,1,1,1,1,1,18.76,12.90,5.86,18.76,31.236673773987203,0.0016176624735866588,0,0
2018-04-01,2018-04,tablets_printing_image,1,1,1,1,1,70.24,52.00,18.24,70.24,25.968109339407746,0.006056749048226381,0,0
2018-04-01,2018-04,market_place,15,15,15,10,7,844.83,627.23,217.60,56.322,25.756661103417255,0.07284913579745293,0,0
2018-04-01,2018-04,toys,205,196,195,129,68,27590.04,23352.38,4237.66,134.58556097560975,15.359383313688562,2.37907102093576,0,0
2018-04-01,2018-04,home_appliances,106,106,96,75,15,17382.62,15124.25,2258.37,163.98698113207547,12.992115112681518,1.498891901205593,0,0
2018-04-01,2018-04,stationery,155,131,130,86,47,14308.27,11701.35,2606.92,92.3114193548387,18.219672958366036,1.2337927207327175,0,0
2018-04-01,2018-04,home_confort,18,15,15,8,4,2274.26,1939.40,334.86,126.34777777777778,14.723910194964514,0.1961079454786351,0,0
2018-04-01,2018-04,housewares,471,420,419,302,135,55763.94,45405.96,10357.98,118.3947770700637,18.574691816969892,4.8084879060414725,0,0
2018-04-01,2018-04,telephony,284,250,249,153,46,20829.87,16636.84,4193.03,73.34461267605634,20.12989039297893,1.7961460036614358,0,0
2018-04-01,2018-04,drinks,54,29,29,17,10,5914.22,5016.44,897.78,109.52259259259259,15.180023739394205,0.5099793046127766,0,0
2018-04-01,2018-04,fixed_telephony,11,10,10,8,6,2127.68,1921.94,205.74,193.42545454545456,9.66968717100316,0.18346844839023785,0,0
2018-04-01,2018-04,fashion_sport,1,1,1,1,1,105.41,89.90,15.51,105.41,14.713974006261266,0.009089435039486659,0,0
2018-04-01,2018-04,audio,31,30,30,10,7,7571.46,7045.07,526.39,244.24064516129033,6.952291896146846,0.6528820209095119,0,0
2018-04-01,2018-04,perfumery,175,160,159,107,53,20504.24,17790.31,2713.93,117.16708571428572,13.235945345938205,1.7680671427193237,0,0
2018-04-01,2018-04,baby,244,222,222,148,64,56814.41,49821.84,6992.57,232.84594262295082,12.307740237027893,4.899069243921461,0,0
2018-04-01,2018-04,construction_tools_lights,47,37,37,13,9,5827.50,4962.67,864.83,123.98936170212765,14.84049764049764,0.5025014959928706,0,0
2018-04-01,2018-04,bed_bath_table,746,608,603,447,79,86731.40,72357.25,14374.15,116.26193029490616,16.573178802602058,7.478791634415455,0,0
2018-04-01,2018-04,arts_and_craftmanship,1,1,1,1,1,34.22,15.99,18.23,34.22,53.2729398012858,0.002950768115465643,0,0
2018-04-01,2018-04,furniture_living_room,34,25,25,26,16,6219.96,5133.73,1086.23,182.94,17.463617129370608,0.536343063923778,0,0
2018-04-01,2018-04,kitchen_dining_laundry_garden_furniture,20,19,19,13,11,4288.19,3165.47,1122.72,214.4095,26.181675718659857,0.36976780610925236,0,0
2018-04-01,2018-04,food,40,36,36,8,8,2219.99,1665.43,554.56,55.49975,24.980292704021192,0.19142827903718798,0,0
2018-04-01,2018-04,cool_stuff,207,195,193,96,52,40200.70,35202.40,4998.30,194.20628019323672,12.4333655881614,3.466479946797185,0,0
2017-04-01,2017-04,computers_accessories,136,120,120,81,38,23180.46,20691.06,2489.40,170.4445588235294,10.739217427091612,5.620564982140634,0,0
2017-04-01,2017-04,pc_gamer,2,2,2,1,1,289.73,259.98,29.75,144.865,10.268180719980672,0.07025081867553991,0,2
2017-04-01,2017-04,home_comfort_2,1,1,1,1,1,23.86,12.90,10.96,23.86,45.934618608549876,0.005785333012109144,0,0
2017-04-01,2017-04,tablets_printing_image,11,9,9,4,3,1312.23,1112.88,199.35,119.29363636363637,15.191696577581673,0.3181763427694879,0,0
2017-04-01,2017-04,costruction_tools_tools,1,1,1,1,1,748.27,729.00,19.27,748.27,2.5752736311759126,0.1814329896467271,0,0
2017-04-01,2017-04,books_general_interest,12,12,12,9,7,1142.79,923.38,219.41,95.2325,19.199502970799536,0.2770922344052057,0,0
2017-04-01,2017-04,sports_leisure,218,198,196,159,74,29121.39,24864.33,4257.06,133.58435779816514,14.61832694112472,7.061061983466265,0,0
2017-04-01,2017-04,pet_shop,51,46,46,42,21,7126.84,6182.89,943.95,139.74196078431373,13.245000589321494,1.7280445399840707,0,0
2017-04-01,2017-04,unknown,71,63,63,42,34,10193.52,8693.09,1500.43,143.5707042253521,14.719449218719342,2.4716222869067392,71,0
2017-04-01,2017-04,auto,88,81,81,55,38,17799.93,15548.17,2251.76,202.27193181818183,12.650386827363928,4.315948140915,0,0
2017-04-01,2017-04,small_appliances,21,21,20,19,9,24109.81,23253.98,855.83,1148.0861904761905,3.549716899469552,5.845904430372135,0,0
2017-04-01,2017-04,dvds_blu_ray,2,2,2,2,2,1466.34,1434.90,31.44,733.17,2.144113916281354,0.3555433867969875,0,0
2017-04-01,2017-04,musical_instruments,16,16,16,10,8,4114.27,3818.43,295.84,257.141875,7.190583019587922,0.9975868420674889,0,0
2017-04-01,2017-04,fashion_underwear_beach,4,4,4,3,3,159.67,98.79,60.88,39.9175,38.12864032066137,0.03871517695069015,0,0
2017-04-01,2017-04,air_conditioning,16,14,14,7,6,2873.57,2582.23,291.34,179.598125,10.138608072884947,0.6967543748368178,0,0
2017-04-01,2017-04,market_place,20,20,20,13,10,4538.03,4090.18,447.85,226.9015,9.868819730147223,1.1003359081702286,0,0
2017-04-01,2017-04,furniture_living_room,12,11,11,10,7,2526.11,2073.34,452.77,210.50916666666666,17.923605860394044,0.6125057659354161,0,0
2017-04-01,2017-04,furniture_mattress_and_upholstery,1,1,1,1,1,130.80,109.40,21.40,130.8,16.36085626911315,0.031715069488008216,0,0
2017-04-01,2017-04,home_appliances,10,9,9,5,3,635.57,499.40,136.17,63.557,21.42486272165143,0.15410662625759464,0,0
2017-04-01,2017-04,stationery,36,36,36,34,12,5197.20,4606.34,590.86,144.36666666666667,11.368813976756716,1.2601648252528768,0,0
2017-04-01,2017-04,bed_bath_table,274,234,223,150,26,29007.36,24347.69,4659.67,105.86627737226277,16.063750717059396,7.0334131350433475,0,0
2017-04-01,2017-04,electronics,48,47,47,29,16,5611.49,4822.24,789.25,116.90604166666667,14.064891855817262,1.3606177009270888,0,0
2017-04-01,2017-04,furniture_decor,203,169,167,151,67,26128.42,21690.42,4438.00,128.71142857142857,16.98533627368207,6.33535669657388,0,0
2017-04-01,2017-04,office_furniture,58,48,48,34,6,11164.03,9411.30,1752.73,192.48327586206898,15.699796578833986,2.7069417982890545,0,0
2017-04-01,2017-04,health_beauty,189,176,174,98,49,26397.99,22935.75,3462.24,139.67190476190476,13.115544024374582,6.400719321053104,0,0
2017-04-01,2017-04,audio,11,9,9,5,4,1103.95,942.20,161.75,100.35909090909091,14.651931699805244,0.2676747015388889,0,0
2017-04-01,2017-04,baby,51,48,47,27,16,4862.85,3980.45,882.40,95.35,18.145737581870712,1.1790949973987823,0,0
2017-04-01,2017-04,perfumery,105,101,100,52,19,21648.98,19891.11,1757.87,206.1807619047619,8.119874469836454,5.249227102786698,0,0
2017-04-01,2017-04,home_appliances_2,2,2,2,1,1,946.97,799.80,147.17,473.485,15.54114702683295,0.22961176875427475,0,0
2017-04-01,2017-04,cine_photo,2,2,2,1,1,166.31,118.00,48.31,83.155,29.04816306896759,0.04032517742011197,0,0
2017-04-01,2017-04,music,2,2,2,2,2,88.84,59.80,29.04,44.42,32.687978388113464,0.021541030377023315,0,0
2017-04-01,2017-04,watches_gifts,97,90,89,75,12,25153.31,23487.78,1665.53,259.3124742268041,6.6215142261594995,6.0989218234205795,0,0
2017-04-01,2017-04,cool_stuff,121,119,119,68,37,24393.33,21822.08,2571.25,201.59776859504132,10.54079127368014,5.9146495106568455,0,0
2017-04-01,2017-04,garden_tools,119,99,99,60,38,23468.07,20809.28,2658.79,197.21067226890756,11.329393512120937,5.6903017645217195,0,0
2017-04-01,2017-04,costruction_tools_garden,8,7,7,3,3,1680.57,1490.21,190.36,210.07125,11.327109254598144,0.4074877242313606,0,0
2017-04-01,2017-04,luggage_accessories,49,47,47,19,8,8639.74,7150.20,1489.54,176.32122448979592,17.240565109598204,2.094877327663028,0,0
2017-04-01,2017-04,signaling_and_security,3,3,3,3,2,183.65,128.06,55.59,61.21666666666667,30.26953444051184,0.044529606356824986,0,0
2017-04-01,2017-04,books_technical,1,1,1,1,1,86.92,75.00,11.92,86.92,13.713759779107225,0.021075488072612187,0,0
2017-04-01,2017-04,furniture_bedroom,5,4,4,4,2,1091.28,858.96,232.32,218.256,21.288761820980866,0.2646026072696759,0,0
2017-04-01,2017-04,food_drink,3,2,2,2,2,80.78,47.90,32.88,26.926666666666666,40.70314434265907,0.019586722578297428,0,0
2017-04-01,2017-04,books_imported,1,1,1,1,1,33.43,19.99,13.44,33.43,40.20341011067903,0.008105770435658369,0,0
2017-04-01,2017-04,fashion_bags_accessories,50,46,46,45,18,3996.73,3219.80,776.93,79.9346,19.43914149817476,0.9690869241193201,0,0
2017-04-01,2017-04,fashio_female_clothing,1,1,1,1,1,87.74,64.90,22.84,87.74,26.031456576248008,0.021274313431787772,0,0
2017-04-01,2017-04,home_construction,5,5,5,4,3,1696.94,1602.69,94.25,339.388,5.554115054156305,0.4114569573163659,0,0
2017-04-01,2017-04,fashion_male_clothing,7,6,6,7,3,504.63,416.69,87.94,72.09,17.42662941164814,0.12235761097655645,0,0
2017-04-01,2017-04,toys,113,103,102,74,31,14983.58,13039.43,1944.15,132.59805309734514,12.975203522789613,3.633067896629435,0,0
2017-04-01,2017-04,art,1,1,1,1,1,147.17,119.90,27.27,147.17,18.52959162872868,0.03568430257301352,0,0
2017-04-01,2017-04,housewares,183,144,144,102,51,18356.26,15028.84,3327.42,100.30743169398907,18.12689513005373,4.450841448317627,0,0
2017-04-01,2017-04,telephony,145,141,141,73,20,9523.97,7245.87,2278.10,65.68255172413794,23.919646953948828,2.3092765317408683,0,0
2017-04-01,2017-04,fixed_telephony,11,7,7,7,6,3168.77,2998.33,170.44,288.07,5.378743171640731,0.7683315041400289,0,0
2017-04-01,2017-04,home_confort,17,16,16,12,6,2712.95,2411.10,301.85,159.58529411764707,11.126264767135407,0.6578088514334242,0,0
2017-04-01,2017-04,fashion_sport,4,4,4,3,3,244.47,189.78,54.69,61.1175,22.370843048226778,0.059276628728848375,0,0
2017-04-01,2017-04,drinks,7,2,2,2,1,329.17,199.93,129.24,47.02428571428572,39.26238721633199,0.07981383351198519,0,0
2017-04-01,2017-04,consoles_games,17,15,15,13,8,4072.80,3772.88,299.92,239.57647058823528,7.3639756432920835,0.9875316132321089,0,0
2017-04-01,2017-04,kitchen_dining_laundry_garden_furniture,9,8,8,5,4,1282.10,1033.40,248.70,142.45555555555555,19.397862881210514,0.3108707231695362,0,0
2017-04-01,2017-04,food,8,8,8,5,5,611.15,491.30,119.85,76.39375,19.6105702364395,0.14818551007336558,0,0
2017-04-01,2017-04,fashion_shoes,23,20,20,22,3,1946.37,1526.50,419.87,84.62478260869565,21.57195188992843,0.47193623699827636,0,0
2017-04-01,2017-04,la_cuisine,1,1,1,1,1,34.81,24.00,10.81,34.81,31.054294742889972,0.008440378966953868,0,0
2017-04-01,2017-04,christmas_supplies,1,1,1,1,1,93.97,69.00,24.97,93.97,26.57231031180164,0.022784901221621804,0,0
2017-07-01,2017-07,fashion_male_clothing,9,8,8,7,5,860.33,719.99,140.34,95.59222222222222,16.31234526286425,0.14707209214696604,0,0
2017-07-01,2017-07,cds_dvds_musicals,5,4,4,1,1,299.38,225.00,74.38,59.876,24.84467900327343,0.051178551191936456,0,0
2017-07-01,2017-07,art,3,3,3,3,3,424.90,386.75,38.15,141.63333333333333,8.978583196046129,0.0726360024098263,0,0
2017-07-01,2017-07,consoles_games,48,46,46,27,16,6553.58,5680.16,873.42,136.53291666666667,13.327372214881027,1.1203244355683444,0,0
2017-07-01,2017-07,fashion_sport,1,1,1,1,1,77.68,69.90,7.78,77.68,10.01544799176107,0.013279276693799266,0,0
2017-07-01,2017-07,fixed_telephony,9,8,8,5,3,348.27,218.73,129.54,38.696666666666665,37.19527952450685,0.05953622160336599,0,0
2017-07-01,2017-07,home_confort,43,36,36,14,6,5401.43,4563.85,837.58,125.6146511627907,15.506634354235821,0.9233661626182822,0,0
2017-07-01,2017-07,auto,117,106,104,72,42,16490.82,14119.74,2371.08,140.94717948717948,14.378181315422763,2.819080351282683,0,0
2017-07-01,2017-07,pet_shop,86,71,71,65,24,8318.98,6605.87,1713.11,96.73232558139534,20.592789019807718,1.4221168541475568,0,0
2017-07-01,2017-07,unknown,61,55,55,46,35,4033.96,3124.66,909.30,66.13049180327869,22.541125841604774,0.6895992663712472,61,0
2017-07-01,2017-07,dvds_blu_ray,4,4,4,4,2,830.99,749.70,81.29,207.7475,9.78230784967328,0.14205646420932352,0,0
2017-07-01,2017-07,small_appliances,34,33,33,26,17,5386.15,4621.36,764.79,158.41617647058823,14.199196086258274,0.9207540700863402,0,0
2017-07-01,2017-07,agro_industry_and_commerce,1,1,1,1,1,1199.47,1180.00,19.47,1199.47,1.6232169208066896,0.20504755427280386,0,0
2017-07-01,2017-07,party_supplies,1,1,1,1,1,83.41,69.90,13.51,83.41,16.197098669224314,0.014258811393277506,0,0
2017-07-01,2017-07,air_conditioning,5,5,4,5,4,1493.13,1396.10,97.03,298.626,6.498429473656011,0.2552482802499034,0,0
2017-07-01,2017-07,christmas_supplies,2,2,2,2,2,98.05,65.09,32.96,49.025,33.61550229474758,0.016761496908174793,0,0
2017-07-01,2017-07,housewares,276,225,224,152,65,25596.16,20874.30,4721.86,92.73971014492754,18.447532754913237,4.3756242396853375,0,0
2017-07-01,2017-07,telephony,144,136,135,89,26,11204.83,9064.86,2139.97,77.81131944444445,19.098638712055426,1.9154484793638364,0,0
2017-07-01,2017-07,furniture_mattress_and_upholstery,1,1,1,1,1,178.53,109.40,69.13,178.53,38.72178345376127,0.030519429301544578,0,0
2017-07-01,2017-07,toys,207,201,201,121,42,28179.86,24511.72,3668.14,136.13458937198067,13.016885108726587,4.817303786464034,0,0
2017-07-01,2017-07,market_place,13,13,13,11,9,1799.95,1573.38,226.57,138.4576923076923,12.587571876996583,0.3076986880149844,0,0
2017-07-01,2017-07,tablets_printing_image,2,2,2,1,1,219.63,198.00,21.63,109.815,9.848381368665484,0.037545411177383275,0,0
2017-07-01,2017-07,home_comfort_2,1,1,1,1,1,28.00,12.90,15.10,28.0,53.92857142857143,0.004786556995705194,0,0
2017-07-01,2017-07,arts_and_craftmanship,1,1,1,1,1,145.56,129.90,15.66,145.56,10.758450123660346,0.02488325843910171,0,0
2017-07-01,2017-07,furniture_living_room,31,27,27,19,8,5375.86,4395.12,980.74,173.4148387096774,18.243406636333535,0.9189950103904186,0,0
2017-07-01,2017-07,construction_tools_lights,1,1,1,1,1,401.45,360.00,41.45,401.45,10.325071615394195,0.06862726092592321,0,0
2017-07-01,2017-07,audio,7,7,7,6,6,883.23,771.69,111.54,126.17571428571429,12.62864712475799,0.15098681197559635,0,0
2017-07-01,2017-07,baby,129,124,124,82,37,18502.49,15941.11,2561.38,143.4301550387597,13.843434045904091,3.1629722481237637,0,0
2017-07-01,2017-07,perfumery,126,119,118,65,30,14775.53,12910.02,1865.51,117.26611111111112,12.625672310908644,2.5258541602411415,0,0
2017-07-01,2017-07,industry_commerce_and_business,2,2,2,2,2,352.25,245.96,106.29,176.125,30.174591909155428,0.06021659649061266,0,0
2017-07-01,2017-07,signaling_and_security,6,5,5,5,4,684.79,530.19,154.60,114.13166666666666,22.57626425619533,0.11706379875317711,0,0
2017-07-01,2017-07,sports_leisure,387,337,328,231,86,46324.06,38813.41,7510.65,119.7004134366925,16.213280960261255,7.919026909373826,0,0
2017-07-01,2017-07,books_general_interest,13,12,12,11,4,1545.28,1292.40,252.88,118.86769230769231,16.364671774694553,0.26416324265440433,0,0
2017-07-01,2017-07,furniture_decor,320,253,249,212,65,30630.86,24751.92,5878.94,95.7214375,19.19286627930133,5.236298472052371,0,0
2017-07-01,2017-07,health_beauty,316,278,270,144,66,40419.76,34896.86,5522.90,127.91063291139241,13.663861438068905,6.90969589259732,0,0
2017-07-01,2017-07,office_furniture,115,97,96,56,4,21267.13,16892.61,4374.52,184.9315652173913,20.569395118194134,3.635583210002564,0,0
2017-07-01,2017-07,electronics,97,87,87,49,19,9103.81,7346.84,1756.97,93.85371134020619,19.299282388362677,1.556282337252532,0,0
2017-07-01,2017-07,musical_instruments,32,28,28,24,13,9223.92,8411.59,812.33,288.2475,8.806776294677316,1.576814957279466,0,0
2017-07-01,2017-07,fashion_underwear_beach,3,3,3,3,2,314.48,274.80,39.68,104.82666666666667,12.617654540829305,0.053759873000334614,0,0
2017-07-01,2017-07,food_drink,8,7,7,7,4,261.68,168.20,93.48,32.71,35.72302048303271,0.044733794094147676,0,0
2017-07-01,2017-07,construction_tools_construction,6,5,5,2,2,822.97,549.44,273.53,137.16166666666666,33.23693451766164,0.14068545752698225,0,0
2017-07-01,2017-07,books_technical,2,2,2,2,2,580.88,528.00,52.88,290.44,9.103429279713538,0.09930054384518688,0,0
2017-07-01,2017-07,bed_bath_table,579,513,501,270,29,74629.84,63888.75,10741.09,128.8943696027634,14.392486973039203,12.757856526441403,0,0
2017-07-01,2017-07,stationery,80,75,75,56,22,8449.04,7091.75,1357.29,105.613,16.06442862147652,1.4443504113926073,0,0
2017-07-01,2017-07,home_appliances,37,37,36,24,5,4336.18,3671.99,664.19,117.19405405405405,15.317399185458168,0.7412633112013195,0,0
2017-07-01,2017-07,furniture_bedroom,5,5,5,4,4,1596.63,1206.99,389.64,319.326,24.403900715882827,0.27294144628759937,0,0
2017-07-01,2017-07,luggage_accessories,74,73,73,38,11,10305.01,8357.61,1947.40,139.25689189189188,18.8976041750566,1.7616256323682848,0,0
2017-07-01,2017-07,kitchen_dining_laundry_garden_furniture,11,9,9,8,5,1657.56,1316.50,341.06,150.68727272727273,20.576027413788943,0.2833573362071822,0,0
2017-07-01,2017-07,food,7,7,7,6,4,754.19,584.16,170.03,107.74142857142857,22.54471684853949,0.1289276221639607,0,0
2017-07-01,2017-07,fashion_shoes,20,19,19,18,5,1760.70,1423.01,337.69,88.035,19.179303686033965,0.30098896079779053,0,0
2017-07-01,2017-07,la_cuisine,4,4,4,4,2,559.23,469.99,89.24,139.8075,15.957656062800636,0.09559950959672198,0,0
2017-07-01,2017-07,computers_accessories,326,274,274,165,60,44599.21,38709.00,5890.21,136.80739263803682,13.20698281426958,7.62416645101518,0,0
2017-07-01,2017-07,fashio_female_clothing,4,4,4,3,2,364.40,310.70,53.70,91.1,14.73655323819978,0.06229362032982044,0,0
2017-07-01,2017-07,home_construction,2,1,1,1,1,123.80,93.60,30.20,61.9,24.394184168012924,0.02116341985958225,0,0
2017-07-01,2017-07,watches_gifts,168,157,156,100,15,39585.76,36804.56,2781.20,235.62952380952382,7.025758757694685,6.767124873510958,0,0
2017-07-01,2017-07,cool_stuff,230,222,222,113,46,42328.60,37506.76,4821.84,184.03739130434784,11.39144691768686,7.236009158871673,0,0
2017-07-01,2017-07,garden_tools,190,159,159,70,36,24251.57,20067.05,4184.52,127.63984210526316,17.254635473084836,4.14576864429765,0,0
2017-07-01,2017-07,home_appliances_2,7,7,7,3,2,1306.88,1033.99,272.89,186.69714285714286,20.881029627815867,0.22340912880525726,0,0
2017-07-01,2017-07,music,1,1,1,1,1,350.54,329.00,21.54,350.54,6.144805157756604,0.059924274616946376,0,0
2017-07-01,2017-07,fashion_bags_accessories,88,82,82,59,22,6467.55,5193.10,1274.45,73.49488636363637,19.705297987646016,1.10561773919904,0,0
2017-07-01,2017-07,costruction_tools_garden,8,7,7,6,4,473.37,347.58,125.79,59.17125,26.573293618100006,0.08092187446632026,0,0
2017-07-01,2017-07,drinks,3,2,2,2,1,348.08,273.97,74.11,116.02666666666667,21.29108250976787,0.059503741395180845,0,0
2018-01-01,2018-01,housewares,359,322,321,221,103,45966.73,38078.31,7888.42,128.0410306406685,17.161151119516223,4.1512373829687945,0,0
2018-01-01,2018-01,home_appliances,28,27,26,18,6,2194.93,1795.05,399.88,78.39035714285714,18.21834864893186,0.19822326863363343,0,0
2018-01-01,2018-01,drinks,52,40,40,12,6,3063.59,2307.61,755.98,58.91519230769231,24.676278483739665,0.2766716130142251,0,0
2018-01-01,2018-01,home_confort,18,18,18,13,5,3435.61,3020.16,415.45,190.8672222222222,12.09246683994982,0.3102685935088578,0,0
2018-01-01,2018-01,fashion_sport,2,2,2,2,1,145.34,119.80,25.54,72.67,17.572588413375534,0.01312559847613012,0,0
2018-01-01,2018-01,fixed_telephony,10,10,10,10,7,2633.55,2444.10,189.45,263.355,7.193711909779575,0.2378348690437077,0,0
2018-01-01,2018-01,furniture_decor,612,478,474,288,95,67644.26,55438.18,12206.08,110.5298366013072,18.044517007060172,6.108926627046578,0,0
2018-01-01,2018-01,electronics,351,322,321,114,31,21654.55,15996.68,5657.87,61.69387464387464,26.127857655781348,1.9556139292781305,0,0
2018-01-01,2018-01,office_furniture,145,106,105,57,8,25732.55,20113.41,5619.14,177.46586206896552,21.8367009876596,2.323896512088497,0,0
2018-01-01,2018-01,health_beauty,628,572,568,295,120,83215.86,72470.49,10745.37,132.50933121019108,12.912646699799774,7.5151917242731345,0,0
2018-01-01,2018-01,musical_instruments,53,51,51,37,17,16745.32,15405.58,1339.74,315.94943396226415,8.000683175956029,1.5122632907273375,0,0
2018-01-01,2018-01,computers,12,12,12,3,1,8300.98,7450.00,850.98,691.7483333333333,10.251560659102902,0.7496582526378602,0,0
2018-01-01,2018-01,fashion_underwear_beach,8,8,8,6,2,877.02,754.50,122.52,109.6275,13.970034890880482,0.07920333270631373,0,0
2018-01-01,2018-01,computers_accessories,707,593,572,283,82,96228.23,83257.45,12970.78,136.1078217821782,13.479183811237098,8.69033376254781,0,0
2018-01-01,2018-01,la_cuisine,1,1,1,1,1,130.03,112.00,18.03,130.03,13.866030915942474,0.011742958372445296,0,0
2018-01-01,2018-01,watches_gifts,370,337,335,172,32,81519.89,75621.24,5898.65,220.32402702702703,7.235841461513258,7.362029337816809,0,0
2018-01-01,2018-01,cool_stuff,300,289,289,116,68,45766.52,39739.70,6026.82,152.55506666666668,13.168621953340566,4.133156496283051,0,0
2018-01-01,2018-01,telephony,372,347,347,180,40,20507.78,14879.96,5627.82,55.12844086021505,27.442365775330146,1.852049579722112,0,0
2018-01-01,2018-01,cine_photo,2,2,2,1,1,223.78,199.98,23.80,111.89,10.635445526856735,0.02020948415431676,0,0
2018-01-01,2018-01,home_appliances_2,13,12,12,11,6,9109.57,8630.10,479.47,700.7361538461538,5.263365888839978,0.8226816988454703,0,0
2018-01-01,2018-01,flowers,10,7,7,5,2,438.26,284.60,153.66,43.826,35.061379090037875,0.03957908895107187,0,0
2018-01-01,2018-01,music,1,1,1,1,1,40.07,24.97,15.10,40.07,37.68405290741203,0.0036187060061822892,0,0
2018-01-01,2018-01,diapers_and_hygiene,5,1,1,1,1,188.45,125.00,63.45,37.69,33.66940833112231,0.017018845691665892,0,0
2018-01-01,2018-01,sports_leisure,654,586,584,385,149,104951.60,91574.33,13377.27,160.47645259938838,12.746132502982327,9.478137890652386,0,0
2018-01-01,2018-01,books_general_interest,45,41,41,27,18,2825.37,2180.15,645.22,62.786,22.83665502217409,0.25515805811547926,0,0
2018-01-01,2018-01,costruction_tools_tools,8,8,8,6,3,695.13,532.30,162.83,86.89125,23.424395436824767,0.06277691804535798,0,0
2018-01-01,2018-01,consoles_games,54,53,52,34,13,9082.49,8200.98,881.51,168.19425925925927,9.705598354636228,0.8202361146516242,0,0
2018-01-01,2018-01,home_construction,42,28,28,27,15,6758.04,5827.58,930.46,160.90571428571428,13.768193144757948,0.6103159455457988,0,0
2018-01-01,2018-01,construction_tools_safety,11,9,9,9,6,2424.76,2228.89,195.87,220.43272727272728,8.077912865603192,0.21897912591840696,0,0
2018-01-01,2018-01,fashio_female_clothing,3,3,3,2,2,196.48,161.79,34.69,65.49333333333334,17.655741042345277,0.01774403184663579,0,0
2018-01-01,2018-01,luggage_accessories,128,123,123,56,23,22077.68,18738.22,3339.46,172.481875,15.125955263415358,1.9938266338550188,0,0
2018-01-01,2018-01,books_technical,17,16,16,13,4,1418.83,1176.55,242.28,83.46058823529411,17.0760415271738,0.1281339816009887,0,0
2018-01-01,2018-01,food_drink,11,10,10,9,6,529.22,341.17,188.05,48.11090909090909,35.533426552284496,0.04779365092567484,0,0
2018-01-01,2018-01,signaling_and_security,8,7,7,7,5,1295.97,1048.79,247.18,161.99625,19.072972368187536,0.11703854312034093,0,0
2018-01-01,2018-01,construction_tools_construction,48,40,40,40,19,10753.32,9664.18,1089.14,224.0275,10.128406854813212,0.9711281175542833,0,0
2018-01-01,2018-01,books_imported,6,6,6,6,2,648.67,583.00,65.67,108.11166666666666,10.123791758521282,0.05858113364188334,0,0
2018-01-01,2018-01,furniture_bedroom,5,5,5,3,1,1065.04,914.80,150.24,213.008,14.106512431457974,0.09618334526639344,0,0
2018-01-01,2018-01,industry_commerce_and_business,19,16,16,9,6,4467.45,3662.00,805.45,235.12894736842105,18.029300831570584,0.40345365977836456,0,0
2018-01-01,2018-01,fashion_bags_accessories,125,116,113,97,31,9849.05,7931.72,1917.33,78.7924,19.467156730852217,0.8894638480207057,0,0
2018-01-01,2018-01,costruction_tools_garden,24,21,21,15,6,4505.74,3927.98,577.76,187.73916666666668,12.822754974765521,0.4069116146817017,0,0
2018-01-01,2018-01,kitchen_dining_laundry_garden_furniture,21,20,20,10,9,5949.22,4838.50,1110.72,283.2961904761905,18.67001052238781,0.5372717281282705,0,0
2018-01-01,2018-01,fashion_shoes,9,7,7,9,4,822.31,666.70,155.61,91.36777777777777,18.923520326884024,0.0742624940340344,0,0
2018-01-01,2018-01,food,20,19,19,9,8,1133.07,868.41,264.66,56.6535,23.357780190102996,0.10232710792176107,0,0
2018-01-01,2018-01,air_conditioning,29,22,22,16,12,5177.52,4674.74,502.78,178.5351724137931,9.710826805111326,0.4675798033723216,0,0
2018-01-01,2018-01,christmas_supplies,10,9,9,6,4,1104.46,851.50,252.96,110.446,22.90350035311374,0.09974335002715476,0,0
2018-01-01,2018-01,perfumery,229,213,213,122,40,23384.47,20036.89,3347.58,102.11558951965065,14.315398210863876,2.111842326937598,0,0
2018-01-01,2018-01,baby,223,212,211,117,56,34819.06,30058.47,4760.59,156.13928251121075,13.672367950197392,3.1444956713656476,0,0
2018-01-01,2018-01,audio,26,25,25,12,10,4233.39,3820.28,413.11,162.8226923076923,9.75837331311313,0.382315792850313,0,0
2018-01-01,2018-01,construction_tools_lights,7,6,6,4,4,2554.77,2392.99,161.78,364.96714285714285,6.332468284816246,0.23072027809868548,0,0
2018-01-01,2018-01,bed_bath_table,848,699,686,432,65,90827.19,76377.79,14449.40,107.10753537735849,15.908672281945528,8.20256795551934,0,0
2018-01-01,2018-01,stationery,397,379,378,181,41,48033.79,41023.91,7009.88,120.99191435768262,14.593643349816869,4.337912761983997,0,0
2018-01-01,2018-01,dvds_blu_ray,2,2,2,2,1,96.58,49.80,46.78,48.29,48.436529302132946,0.008722101973473558,0,0
2018-01-01,2018-01,art,19,19,19,7,5,2864.21,2540.77,323.44,150.7478947368421,11.292468080203616,0.2586656833034034,0,0
2018-01-01,2018-01,fashion_male_clothing,6,5,5,4,3,662.17,550.60,111.57,110.36166666666666,16.849147499886737,0.059800313354472834,0,0
2018-01-01,2018-01,furniture_living_room,22,22,22,13,8,2861.95,2308.10,553.85,130.08863636363637,19.352189940425237,0.2584615835885551,0,0
2018-01-01,2018-01,furniture_mattress_and_upholstery,9,9,9,3,3,1270.40,860.50,409.90,141.15555555555557,32.2654282115869,0.1147293264350881,0,0
2018-01-01,2018-01,small_appliances_home_oven_and_coffee,1,1,1,1,1,385.13,369.99,15.14,385.13,3.931140134500039,0.03478093945996968,0,0
2018-01-01,2018-01,toys,165,158,158,100,57,24841.38,21948.23,2893.15,150.55381818181817,11.646494679442124,2.2434152984241726,0,0
2018-01-01,2018-01,market_place,14,12,12,9,7,1046.76,818.72,228.04,74.76857142857143,21.78531850662998,0.09453248562593893,0,0
2018-01-01,2018-01,tablets_printing_image,3,3,3,2,1,186.77,161.80,24.97,62.25666666666667,13.369384804840177,0.016867125549654756,0,0
2018-01-01,2018-01,unknown,208,184,183,73,39,25627.07,22489.45,3137.62,123.20706730769231,12.243381705360777,2.3143706546007974,208,0
2018-01-01,2018-01,auto,268,244,242,196,74,41296.53,35995.02,5301.51,154.09152985074627,12.837664568911723,3.729473450099503,0,0
2018-01-01,2018-01,small_appliances,55,52,52,31,19,16841.77,15450.76,1391.01,306.214,8.25928628641764,1.5209736524517268,0,0
2018-01-01,2018-01,pet_shop,90,77,77,71,30,12687.61,10885.96,1801.65,140.97344444444445,14.20007393039351,1.145813089870189,0,0
2018-01-01,2018-01,agro_industry_and_commerce,18,15,15,10,5,6296.51,5853.44,443.07,349.80611111111114,7.036755281894256,0.568635352008656,0,0
2018-01-01,2018-01,party_supplies,2,2,2,1,1,170.26,135.80,34.46,85.13,20.239633501703278,0.01537611391596198,0,0
2018-01-01,2018-01,garden_tools,240,205,205,55,35,32819.83,27037.94,5781.89,136.74929166666666,17.617062611232292,2.9639459930841445,0,0
2017-06-01,2017-06,cool_stuff,201,197,197,98,39,42730.63,38244.50,4486.13,212.59019900497512,10.498628267357631,8.495779332016125,0,0
2017-06-01,2017-06,kitchen_dining_laundry_garden_furniture,4,4,4,3,3,542.59,374.80,167.79,135.6475,30.923902025470426,0.10787870218058171,0,0
2017-06-01,2017-06,music,4,4,4,2,2,1141.12,1066.90,74.22,285.28,6.504136287156478,0.22687949396838386,0,0
2017-06-01,2017-06,watches_gifts,124,118,117,88,13,30918.54,28948.63,1969.91,249.34306451612903,6.371290494311827,6.147278734437426,0,0
2017-06-01,2017-06,home_appliances_2,6,6,6,5,3,1435.07,1213.87,221.20,239.17833333333334,15.41388224964636,0.28532315217436255,0,0
2017-06-01,2017-06,cine_photo,1,1,1,1,1,112.91,79.00,33.91,112.91,30.032769462403685,0.022448965633737224,0,0
2017-06-01,2017-06,fashion_underwear_beach,1,1,1,1,1,19.00,3.90,15.10,19.0,79.47368421052632,0.0037776135598353313,0,0
2017-06-01,2017-06,electronics,42,40,40,26,14,2725.04,2100.04,625.00,64.88190476190476,22.935443149458358,0.5417972660575616,0,0
2017-06-01,2017-06,musical_instruments,20,17,17,14,8,5515.32,4993.05,522.27,275.766,9.469441482996453,1.096565664149,0,0
2017-06-01,2017-06,office_furniture,50,45,45,27,4,9095.80,7279.13,1816.67,181.916,19.97262472789639,1.8084430219763266,0,0
2017-06-01,2017-06,pet_shop,64,61,61,50,20,6445.03,5243.57,1201.46,100.70359375,18.641651008606633,1.2814122485023949,0,0
2017-06-01,2017-06,unknown,63,55,55,45,36,6492.39,5527.79,964.60,103.05380952380952,14.857394580424158,1.2908284473547003,63,0
2017-06-01,2017-06,auto,112,103,103,58,28,33693.74,31370.69,2323.05,300.83696428571426,6.894604160891608,6.6990489002929525,0,0
2017-06-01,2017-06,small_appliances,23,23,23,15,10,10342.28,9698.81,643.47,449.66434782608695,6.221742207714353,2.056270377242829,0,0
2017-06-01,2017-06,agro_industry_and_commerce,1,1,1,1,1,1422.05,1390.00,32.05,1422.05,2.2537885447065857,0.2827344927770438,0,0
2017-06-01,2017-06,dvds_blu_ray,4,4,4,4,1,199.74,126.69,73.05,49.935,36.57254430759988,0.03971265960218469,0,0
2017-06-01,2017-06,fashion_bags_accessories,83,77,76,67,20,8134.62,6831.03,1303.59,98.00746987951807,16.025210765837862,1.6173395166372464,0,0
2017-06-01,2017-06,costruction_tools_garden,4,3,3,3,3,500.40,434.69,65.71,125.1,13.131494804156675,0.0994904118600842,0,0
2017-06-01,2017-06,art,10,5,5,4,4,631.79,421.70,210.09,63.179,33.253137909748496,0.12561360373517705,0,0
2017-06-01,2017-06,fashion_male_clothing,10,8,8,8,4,754.82,569.69,185.13,75.482,24.52637714951909,0.15007464564394235,0,0
2017-06-01,2017-06,pc_gamer,1,1,1,1,1,156.18,129.99,26.19,156.18,16.769112562427967,0.031051983461846424,0,1
2017-06-01,2017-06,furniture_decor,233,180,179,158,58,22017.99,16943.58,5074.41,94.49781115879829,23.046654122379017,4.377655662332565,0,0
2017-06-01,2017-06,health_beauty,260,239,232,123,56,37276.48,32029.39,5247.09,143.3710769230769,14.076141309479864,7.411375595312133,0,0
2017-06-01,2017-06,books_imported,2,1,1,2,1,129.20,99.00,30.20,64.6,23.374613003095977,0.025687772206880254,0,0
2017-06-01,2017-06,books_technical,2,2,2,2,2,188.53,145.90,42.63,94.265,22.61178592266483,0.03748386760188184,0,0
2017-06-01,2017-06,food_drink,2,2,2,2,2,82.78,57.40,25.38,41.39,30.65957960860111,0.016458465814903615,0,0
2017-06-01,2017-06,construction_tools_construction,8,4,4,3,3,475.31,376.37,98.94,59.41375,20.815888577980687,0.0945019737434385,0,0
2017-06-01,2017-06,air_conditioning,11,9,9,9,6,2288.52,2084.48,204.04,208.04727272727274,8.915805848321186,0.45500758862917645,0,0
2017-06-01,2017-06,christmas_supplies,3,2,2,3,1,246.25,184.70,61.55,82.08333333333333,24.99492385786802,0.048959859953128966,0,0
2017-06-01,2017-06,industry_commerce_and_business,2,2,2,2,1,342.17,276.97,65.20,171.085,19.054855773445947,0.06803084377730817,0,0
2017-06-01,2017-06,signaling_and_security,2,2,2,2,2,345.40,273.90,71.50,172.7,20.70063694267516,0.06867303808248018,0,0
2017-06-01,2017-06,furniture_bedroom,2,2,2,2,2,351.68,308.99,42.69,175.84,12.138876251137397,0.06992163877488891,0,0
2017-06-01,2017-06,garden_tools,114,102,102,61,39,18596.95,15851.17,2745.78,163.1311403508772,14.764679154377465,3.6974784469252455,0,0
2017-06-01,2017-06,luggage_accessories,61,60,60,31,9,10294.04,8232.09,2061.95,168.75475409836065,20.03052251594126,2.0466792152361735,0,0
2017-06-01,2017-06,fashio_female_clothing,3,3,3,3,3,199.30,154.80,44.50,66.43333333333334,22.328148519819365,0.039625178025009554,0,0
2017-06-01,2017-06,home_construction,8,4,4,4,3,2141.18,1992.30,148.88,267.6475,6.953175351908761,0.42571318958148496,0,0
2017-06-01,2017-06,sports_leisure,277,250,246,177,73,39043.92,32898.33,6145.59,140.9527797833935,15.740197193314607,7.7627811379539935,0,0
2017-06-01,2017-06,books_general_interest,21,20,20,16,9,2337.34,1940.08,397.26,111.30190476190477,16.996243593144342,0.4647140672602902,0,0
2017-06-01,2017-06,consoles_games,30,27,27,23,12,5954.62,5389.02,565.60,198.48733333333334,9.498507041591235,1.183908066087719,0,0
2017-06-01,2017-06,drinks,1,1,1,1,1,69.20,49.99,19.21,69.2,27.760115606936417,0.01375846622845289,0,0
2017-06-01,2017-06,fashion_sport,6,6,6,6,4,607.49,495.49,112.00,101.24833333333333,18.436517473538657,0.12078223481391397,0,0
2017-06-01,2017-06,fixed_telephony,12,12,12,7,5,1141.43,933.67,207.76,95.11916666666667,18.201729409600237,0.22694112871593905,0,0
2017-06-01,2017-06,telephony,160,151,150,77,19,9177.40,6757.62,2419.78,57.35875,26.366726959705364,1.824666878106988,0,0
2017-06-01,2017-06,housewares,331,289,288,143,60,29857.93,23623.71,6234.22,90.20522658610273,20.879612216921938,5.936406380874428,0,0
2017-06-01,2017-06,home_confort,18,18,18,12,5,3352.70,3056.19,296.51,186.26111111111112,8.843916843141349,0.6665897358978903,0,0
2017-06-01,2017-06,bed_bath_table,382,335,318,207,33,41684.51,35114.81,6569.70,109.12175392670157,15.760530710328608,8.287787905846919,0,0
2017-06-01,2017-06,home_appliances,43,42,37,22,3,3143.60,2507.19,636.41,73.10697674418604,20.24462399796412,0.6250161045630709,0,0
2017-06-01,2017-06,stationery,38,37,37,30,12,4176.05,3493.57,682.48,109.89605263157895,16.342716203110594,0.8302896371868598,0,0
2017-06-01,2017-06,perfumery,154,146,144,63,21,26938.58,24438.10,2500.48,174.92584415584415,9.282152214407738,5.355976057405729,0,0
2017-06-01,2017-06,baby,78,72,72,52,30,9258.05,7864.74,1393.31,118.69294871794872,15.049713492582132,1.8407018535596573,0,0
2017-06-01,2017-06,audio,11,11,11,3,2,1818.24,1671.00,147.24,165.29454545454544,8.09794086589229,0.36150568837026276,0,0
2017-06-01,2017-06,home_comfort_2,1,1,1,1,1,28.00,12.90,15.10,28.0,53.92857142857143,0.005567009456599436,0,0
2017-06-01,2017-06,tablets_printing_image,6,6,6,3,1,679.17,594.00,85.17,113.195,12.540306550642697,0.13503377902280853,0,0
2017-06-01,2017-06,market_place,16,15,14,13,11,1491.86,1258.95,232.91,93.24125,15.612054750445754,0.2966142402829441,0,0
2017-06-01,2017-06,toys,158,152,152,95,44,18238.11,15476.35,2761.76,115.43107594936708,15.142797142905707,3.6261332443035976,0,0
2017-06-01,2017-06,small_appliances_home_oven_and_coffee,1,1,1,1,1,88.65,71.90,16.75,88.65,18.89452904681331,0.017625549583126426,0,0
2017-06-01,2017-06,furniture_living_room,15,12,12,9,5,2242.91,1713.30,529.61,149.52733333333333,23.612628237423706,0.4459393278679086,0,0
2017-06-01,2017-06,fashion_childrens_clothes,1,1,1,1,1,118.96,110.00,8.96,118.96,7.531943510423672,0.023651837319895317,0,0
2017-06-01,2017-06,computers_accessories,261,219,215,132,50,41621.82,37007.08,4614.74,159.47057471264367,11.087309492953455,8.275323769317126,0,0
2017-06-01,2017-06,fashion_shoes,20,17,17,18,2,1735.87,1351.20,384.67,86.7935,22.160069590464726,0.3451287394795451,0,0
2017-06-01,2017-06,food,1,1,1,1,1,171.79,149.90,21.89,171.79,12.742301647360149,0.034155591233900606,0,0
2017-10-01,2017-10,computers_accessories,322,265,264,175,68,50391.46,44022.09,6369.37,156.49521739130435,12.639780629495554,6.55019494876964,0,0
2017-10-01,2017-10,small_appliances,32,30,30,19,12,7124.64,6464.85,659.79,222.645,9.260678434278784,0.9261049578599653,0,0
2017-10-01,2017-10,home_comfort_2,5,3,3,1,1,140.00,64.50,75.50,28.0,53.92857142857143,0.018198069530586124,0,0
2017-10-01,2017-10,la_cuisine,1,1,1,1,1,160.83,137.00,23.83,160.83,14.816887396629982,0.020905682304315477,0,0
2017-10-01,2017-10,food,17,12,12,3,3,1022.42,806.06,216.36,60.14235294117647,21.161557872498584,0.1329005017818705,0,0
2017-10-01,2017-10,fashion_shoes,18,16,16,18,5,2194.58,1860.92,333.66,121.92111111111112,15.203820320972579,0.28526513878881216,0,0
2017-10-01,2017-10,kitchen_dining_laundry_garden_furniture,16,14,14,12,10,4295.41,3428.60,866.81,268.463125,20.179912976875315,0.5583440703026782,0,0
2017-10-01,2017-10,drinks,12,10,10,5,1,752.72,596.98,155.74,62.72666666666667,20.6902965246041,0.09784322069330563,0,0
2017-10-01,2017-10,home_confort,27,26,26,17,4,4072.65,3619.80,452.85,150.8388888888889,11.119295790210305,0.529388341955297,0,0
2017-10-01,2017-10,fixed_telephony,7,6,6,6,6,3906.03,3751.88,154.15,558.0042857142857,3.946462264754751,0.5077300394896809,0,0
2017-10-01,2017-10,telephony,253,228,226,143,38,26812.39,22850.76,3961.63,105.97782608695653,14.775370640215215,3.4852409821513723,0,0
2017-10-01,2017-10,housewares,235,191,190,143,74,20263.23,15996.63,4266.60,86.22651063829787,21.05587312585407,2.6339404889589906,0,0
2017-10-01,2017-10,art,3,3,3,3,3,400.45,349.05,51.40,133.48333333333332,12.83555999500562,0.052052978168022956,0,0
2017-10-01,2017-10,fashion_bags_accessories,110,95,93,87,33,9547.58,7906.06,1641.52,86.79618181818182,17.193047871816734,1.241053747777382,0,0
2017-10-01,2017-10,costruction_tools_garden,9,8,8,7,4,888.16,746.90,141.26,98.68444444444444,15.904791929382094,0.11544855310203839,0,0
2017-10-01,2017-10,cds_dvds_musicals,1,1,1,1,1,61.11,45.00,16.11,61.11,26.362297496318114,0.007943457350100843,0,0
2017-10-01,2017-10,cool_stuff,258,246,246,131,63,51176.94,44910.01,6266.93,198.36023255813953,12.245612965527052,6.652296517733102,0,0
2017-10-01,2017-10,watches_gifts,314,287,285,166,27,70932.96,65959.53,4973.43,225.9011464968153,7.011451376059873,9.220306700644889,0,0
2017-10-01,2017-10,garden_tools,281,214,214,65,31,32526.88,25978.74,6548.14,115.75402135231317,20.13147280034236,4.228045884664509,0,0
2017-10-01,2017-10,home_appliances_2,10,10,10,9,7,3188.82,2803.17,385.65,318.882,12.093815267089393,0.4145026291465975,0,0
2017-10-01,2017-10,cine_photo,1,1,1,1,1,107.00,69.00,38.00,107.0,35.51401869158879,0.013908524569805111,0,0
2017-10-01,2017-10,music,1,1,1,1,1,70.03,54.90,15.13,70.03,21.60502641724975,0.009102934351621047,0,0
2017-10-01,2017-10,fashion_male_clothing,11,9,8,9,4,1201.37,1041.80,159.57,109.21545454545455,13.282335999733638,0.15616153422828752,0,0
2017-10-01,2017-10,books_technical,6,6,6,5,3,988.25,880.00,108.25,164.70833333333334,10.953706046040981,0.12845887295429814,0,0
2017-10-01,2017-10,signaling_and_security,10,7,7,3,3,907.70,744.00,163.70,90.77,18.034592927178583,0.11798848366366448,0,0
2017-10-01,2017-10,furniture_bedroom,4,4,4,4,4,1411.85,1193.90,217.95,352.9625,15.43719233629635,0.18352103190541444,0,0
2017-10-01,2017-10,industry_commerce_and_business,5,5,5,4,3,2468.18,2256.69,211.49,493.636,8.568661929032729,0.3208293661000147,0,0
2017-10-01,2017-10,construction_tools_construction,19,15,15,16,7,3024.83,2576.18,448.65,159.20157894736843,14.832238505965625,0.3931861904157345,0,0
2017-10-01,2017-10,baby,138,134,134,87,43,19625.73,16497.50,3128.23,142.2154347826087,15.93943257142537,2.5510742794893577,0,0
2017-10-01,2017-10,perfumery,189,177,177,83,36,20171.16,16984.62,3186.54,106.72571428571429,15.797504952615517,2.6219726585184118,0,0
2017-10-01,2017-10,audio,32,32,32,9,5,2728.73,2348.48,380.25,85.2728125,13.935054036126695,0.35469727335854484,0,0
2017-10-01,2017-10,construction_tools_lights,2,2,2,1,1,651.10,500.00,151.10,325.55,23.20688066349255,0.08463402193831876,0,0
2017-10-01,2017-10,food_drink,17,15,15,6,4,2654.99,2297.23,357.76,156.1758823529412,13.475003672330217,0.3451120901643633,0,0
2017-10-01,2017-10,fashion_childrens_clothes,1,1,1,1,1,54.09,39.99,14.10,54.09,26.067665002773154,0.007030954149352882,0,0
2017-10-01,2017-10,luggage_accessories,56,52,52,34,13,7717.36,6240.34,1477.02,137.81,19.13892833818819,1.0031503848040295,0,0
2017-10-01,2017-10,party_supplies,2,2,2,2,1,163.87,137.80,26.07,81.935,15.90895221822176,0.02130084038555106,0,0
2017-10-01,2017-10,dvds_blu_ray,5,5,5,5,1,314.63,194.50,120.13,62.926,38.18135587833328,0.04089756154577366,0,0
2017-10-01,2017-10,agro_industry_and_commerce,5,5,5,5,5,3558.43,3350.28,208.15,711.686,5.849489803087317,0.4625468325694542,0,0
2017-10-01,2017-10,unknown,73,63,63,48,34,20704.90,18800.48,1904.42,283.6287671232877,9.197919333104723,2.691351498741662,73,0
2017-10-01,2017-10,auto,150,132,130,113,49,24947.95,21505.28,3442.67,166.31966666666668,13.799410372395327,3.242889491039901,0,0
2017-10-01,2017-10,pet_shop,76,64,64,47,23,9623.98,8243.58,1380.40,126.63131578947369,14.343338203113474,1.2509846942926448,0,0
2017-10-01,2017-10,home_appliances,8,8,8,6,6,2233.28,1951.08,282.20,279.16,12.63612265367531,0.2902956051519099,0,0
2017-10-01,2017-10,stationery,101,93,92,73,25,10574.71,8607.86,1966.85,104.700099009901,18.599564432499804,1.3745664846127459,0,0
2017-10-01,2017-10,bed_bath_table,545,445,433,319,51,55448.85,46198.00,9250.85,101.74100917431193,16.683574140852336,7.207585912078861,0,0
2017-10-01,2017-10,health_beauty,361,332,324,189,84,48913.44,41915.72,6997.72,135.49429362880886,14.306333801098429,6.358072729286804,0,0
2017-10-01,2017-10,office_furniture,102,69,69,44,8,21926.23,17890.83,4035.40,214.96303921568628,18.404440708685442,2.8501075577401673,0,0
2017-10-01,2017-10,furniture_decor,379,270,263,221,81,37734.46,30227.51,7506.95,99.56321899736147,19.894149803654273,4.904959476993721,0,0
2017-10-01,2017-10,electronics,63,56,56,33,16,4563.16,3454.32,1108.84,72.43111111111111,24.29982731265176,0.5931478782799242,0,0
2017-10-01,2017-10,musical_instruments,27,22,22,18,13,7437.81,6859.16,578.65,275.47444444444443,7.779843798107238,0.9668127395377771,0,0
2017-10-01,2017-10,computers,27,26,26,6,2,41683.94,40393.92,1290.02,1543.8496296296296,3.094765034207419,5.418337417348431,0,0
2017-10-01,2017-10,fashion_underwear_beach,3,3,3,3,3,222.95,187.80,35.15,74.31666666666666,15.76586678627495,0.028980425727458407,0,0
2017-10-01,2017-10,sports_leisure,471,424,420,301,109,58118.16,49751.45,8366.71,123.39312101910828,14.396033873061363,7.554559404783781,0,0
2017-10-01,2017-10,costruction_tools_tools,5,5,5,5,3,1119.96,1018.60,101.36,223.992,9.050323225829494,0.1455793567962517,0,0
2017-10-01,2017-10,books_general_interest,11,8,8,6,4,929.87,734.50,195.37,84.53363636363636,21.01046382827707,0.12087027796004372,0,0
2017-10-01,2017-10,furniture_living_room,19,13,13,10,6,2008.98,1532.79,476.19,105.7357894736842,23.703073201326045,0.2611396980396923,0,0
2017-10-01,2017-10,christmas_supplies,12,7,7,7,3,531.24,388.05,143.19,44.27,26.953919132595438,0.06905387469591838,0,0
2017-10-01,2017-10,air_conditioning,12,9,9,7,5,2869.90,2562.42,307.48,239.15833333333333,10.713962158960243,0.3730474267559223,0,0
2017-10-01,2017-10,tablets_printing_image,1,1,1,1,1,111.19,99.00,12.19,111.19,10.963216116557245,0.014453166793613366,0,0
2017-10-01,2017-10,market_place,11,10,10,10,7,1178.12,1019.54,158.58,107.10181818181819,13.460428479272062,0.1531393548241009,0,0
2017-10-01,2017-10,toys,290,279,279,168,57,39714.30,34633.01,5081.29,136.9458620689655,12.794610505535788,5.162311376846833,0,0
2017-10-01,2017-10,consoles_games,109,101,101,47,22,12297.05,10608.87,1688.18,112.81697247706423,13.728333218129553,1.5984469351506723,0,0
2017-10-01,2017-10,construction_tools_safety,12,9,9,6,3,1918.55,1668.85,249.70,159.87916666666666,13.015037398034975,0.24938504498504294,0,0
2017-10-01,2017-10,home_construction,18,15,15,14,10,4752.21,4201.17,551.04,264.01166666666666,11.595447170895225,0.6177217714567621,0,0
2017-10-01,2017-10,fashion_sport,1,1,1,1,1,68.62,59.90,8.72,68.62,12.707665403672397,0.008919653794205857,0,0
2018-02-01,2018-02,furniture_decor,434,342,339,235,84,46886.49,38646.52,8239.97,108.03338709677419,17.574294855511685,4.750842468792664,0,0
2018-02-01,2018-02,unknown,120,110,110,56,35,14775.67,12758.75,2016.92,123.13058333333333,13.650277787741604,1.4971664660942992,120,0
2018-02-01,2018-02,health_beauty,668,607,600,298,130,98161.14,86996.06,11165.08,146.9478143712575,11.374236281281982,9.946321695164263,0,0
2018-02-01,2018-02,office_furniture,109,72,71,50,10,22011.04,17774.78,4236.26,201.93614678899084,19.246069245251473,2.230300959067187,0,0
2018-02-01,2018-02,musical_instruments,44,39,39,36,18,10064.38,9015.73,1048.65,228.7359090909091,10.419419775485427,1.0197880866336446,0,0
2018-02-01,2018-02,fashion_underwear_beach,7,7,7,7,2,505.29,399.30,105.99,72.18428571428572,20.97607314611411,0.05119925144868479,0,0
2018-02-01,2018-02,computers_accessories,981,801,773,258,82,118128.67,100855.23,17273.44,120.41658511722731,14.622563684158978,11.96956100185776,0,0
2018-02-01,2018-02,sports_leisure,651,585,570,384,123,87956.64,75863.95,12092.69,135.1100460829493,13.748467426677509,8.912335743714396,0,0
2018-02-01,2018-02,books_general_interest,29,29,29,21,13,2465.34,1912.65,552.69,85.01172413793104,22.4184088198788,0.249804196731581,0,0
2018-02-01,2018-02,costruction_tools_tools,12,11,11,5,3,1539.82,1318.20,221.62,128.31833333333333,14.39259134184515,0.15602452327517627,0,0
2018-02-01,2018-02,telephony,359,333,331,179,37,18991.43,14105.24,4886.19,52.90091922005571,25.728394333654705,1.924334540442312,0,0
2018-02-01,2018-02,housewares,400,342,339,219,100,44127.38,35448.56,8678.82,110.31845,19.667653053501024,4.4712715953050015,0,0
2018-02-01,2018-02,home_confort,21,20,20,7,3,3397.87,3012.76,385.11,161.80333333333334,11.333865038980303,0.34429416873467233,0,0
2018-02-01,2018-02,drinks,32,27,27,6,5,2419.28,1967.44,451.84,75.6025,18.67663106378757,0.24513709957603386,0,0
2018-02-01,2018-02,fixed_telephony,12,10,10,9,8,6341.82,6138.67,203.15,528.485,3.2033391045472754,0.642594226725837,0,0
2018-02-01,2018-02,fashion_bags_accessories,107,102,101,86,26,11496.55,9786.63,1709.92,107.44439252336448,14.873331564686799,1.1649048155363795,0,0
2018-02-01,2018-02,costruction_tools_garden,20,14,13,15,5,1880.10,1538.25,341.85,94.005,18.182543481729695,0.19050389409778995,0,0
2018-02-01,2018-02,electronics,332,301,299,129,36,20095.74,14780.60,5315.14,60.52933734939759,26.449088214716152,2.0362303732656355,0,0
2018-02-01,2018-02,luggage_accessories,47,45,45,41,18,7783.94,6604.35,1179.59,165.61574468085107,15.15415072572502,0.7887191539936976,0,0
2018-02-01,2018-02,books_technical,26,23,23,22,9,1767.71,1411.21,356.50,67.98884615384615,20.167335139813655,0.179115812262967,0,0
2018-02-01,2018-02,construction_tools_construction,69,54,53,52,18,10145.26,9003.97,1141.29,147.0327536231884,11.249489909573535,1.0279833714347877,0,0
2018-02-01,2018-02,food_drink,24,21,20,12,7,1387.34,1059.10,328.24,57.80583333333333,23.6596652586965,0.14057426330388165,0,0
2018-02-01,2018-02,furniture_bedroom,8,7,7,6,3,1395.10,1094.80,300.30,174.3875,21.525338685398896,0.14136055670221093,0,0
2018-02-01,2018-02,signaling_and_security,15,10,9,9,5,987.67,715.79,271.88,65.84466666666667,27.52741300231859,0.10007711349585884,0,0
2018-02-01,2018-02,books_imported,3,3,3,3,2,351.54,325.00,26.54,117.18,7.549638732434431,0.03562030686194196,0,0
2018-02-01,2018-02,consoles_games,52,51,51,30,16,13015.83,11978.73,1037.10,250.3044230769231,7.967989747868557,1.3188480931412356,0,0
2018-02-01,2018-02,home_construction,39,32,32,23,16,6056.18,5303.90,752.28,155.28666666666666,12.42169156134725,0.6136513341615624,0,0
2018-02-01,2018-02,construction_tools_safety,8,7,7,7,6,6152.31,5965.75,186.56,769.03875,3.032356952104169,0.6233918476127728,0,0
2018-02-01,2018-02,fashio_female_clothing,1,1,1,1,1,45.09,29.99,15.10,45.09,33.48857839875804,0.004568810480755996,0,0
2018-02-01,2018-02,garden_tools,296,232,232,67,41,33698.73,26838.03,6860.70,113.84706081081082,20.35892747293444,3.4145733158608675,0,0
2018-02-01,2018-02,cool_stuff,187,182,182,88,51,34700.35,31002.21,3698.14,185.56336898395722,10.657356481995139,3.5160639335972794,0,0
2018-02-01,2018-02,watches_gifts,337,317,314,161,31,69523.15,63462.18,6060.97,206.30014836795252,8.717916262424819,7.044535293306082,0,0
2018-02-01,2018-02,home_appliances_2,21,21,21,16,10,9986.74,8998.83,987.91,475.55904761904765,9.892217079847878,1.0119210995915977,0,0
2018-02-01,2018-02,cine_photo,2,2,2,2,2,272.12,227.99,44.13,136.06,16.21711009848596,0.02757295870532982,0,0
2018-02-01,2018-02,music,2,2,2,2,2,277.24,244.97,32.27,138.62,11.639734526042417,0.028091750225876965,0,0
2018-02-01,2018-02,flowers,4,4,4,3,2,187.70,134.48,53.22,46.925,28.35375599360682,0.019018978204433365,0,0
2018-02-01,2018-02,diapers_and_hygiene,4,1,1,1,1,150.76,100.00,50.76,37.69,33.66940833112231,0.01527597844486081,0,0
2018-02-01,2018-02,baby,176,169,167,108,52,29562.67,25985.82,3576.85,167.96971590909092,12.099211607070675,2.9954809610807467,0,0
2018-02-01,2018-02,perfumery,215,198,195,105,40,23577.94,20632.70,2945.24,109.66483720930232,12.491506891611397,2.389069403119007,0,0
2018-02-01,2018-02,audio,15,15,15,7,6,3038.58,2828.49,210.09,202.572,6.914084868589933,0.30788858173908973,0,0
2018-02-01,2018-02,construction_tools_lights,17,9,9,8,8,1967.47,1610.80,356.67,115.7335294117647,18.128357738618632,0.19935678768181414,0,0
2018-02-01,2018-02,bed_bath_table,690,593,579,373,64,72014.38,60690.88,11323.50,104.36866666666667,15.72394291251275,7.2969628323163676,0,0
2018-02-01,2018-02,home_appliances,49,48,42,34,10,6413.21,5583.74,829.47,130.88183673469388,12.933772634920734,0.6498279233375286,0,0
2018-02-01,2018-02,stationery,159,144,142,107,44,14481.99,11889.10,2592.89,91.08169811320755,17.904238298742094,1.4674089087204154,0,0
2018-02-01,2018-02,kitchen_dining_laundry_garden_furniture,20,17,17,10,10,5699.14,4750.16,948.98,284.957,16.651284228848564,0.5774737317209077,0,0
2018-02-01,2018-02,food,39,31,31,12,8,2437.19,1933.42,503.77,62.492051282051285,20.670115994239268,0.24695185663326027,0,0
2018-02-01,2018-02,fashion_shoes,11,10,10,9,4,1251.52,1033.70,217.82,113.77454545454546,17.404436205574022,0.1268121023037424,0,0
2018-02-01,2018-02,christmas_supplies,24,17,17,8,5,2671.35,2059.65,611.70,111.30625,22.898534448874166,0.27067846258078354,0,0
2018-02-01,2018-02,air_conditioning,12,11,11,9,7,2892.67,2626.89,265.78,241.05583333333334,9.188051177631738,0.2931040366681847,0,0
2018-02-01,2018-02,pc_gamer,1,1,1,1,1,150.03,129.99,20.04,150.03,13.357328534293142,0.0152020101225953,0,1
2018-02-01,2018-02,agro_industry_and_commerce,27,21,21,11,5,8059.63,7404.80,654.83,298.50481481481484,8.124814662707841,0.8166538481928465,0,0
2018-02-01,2018-02,small_appliances,32,30,30,21,15,5912.74,5245.16,667.58,184.773125,11.290535352476178,0.5991170654687339,0,0
2018-02-01,2018-02,auto,319,303,301,234,74,48098.31,41706.89,6391.42,150.7784012539185,13.288242351966213,4.873631910282788,0,0
2018-02-01,2018-02,pet_shop,102,89,89,55,34,11740.76,9595.03,2145.73,115.10549019607843,18.275903774542705,1.1896497524959142,0,0
2018-02-01,2018-02,dvds_blu_ray,1,1,1,1,1,42.53,24.90,17.63,42.53,41.45309193510463,0.004309414720482425,0,0
2018-02-01,2018-02,toys,146,137,134,104,64,17054.22,14778.93,2275.29,116.80972602739726,13.341507263304917,1.7280438917081065,0,0
2018-02-01,2018-02,market_place,28,20,20,12,9,2366.34,1920.92,445.42,84.51214285714286,18.82316150679953,0.23977287631475147,0,0
2018-02-01,2018-02,tablets_printing_image,13,12,12,2,1,866.49,694.97,171.52,66.65307692307692,19.79480432549712,0.08779837199978406,0,0
2018-02-01,2018-02,home_comfort_2,3,2,2,1,1,84.00,38.70,45.30,28.0,53.92857142857143,0.008511423383976573,0,0
2018-02-01,2018-02,furniture_living_room,26,19,19,17,11,5962.08,4402.78,1559.30,229.31076923076924,26.153624238520784,0.6041165134421315,0,0
2018-02-01,2018-02,furniture_mattress_and_upholstery,6,6,6,2,2,691.48,389.40,302.08,115.24666666666667,43.68600682593856,0.0700652266851443,0,0
2018-02-01,2018-02,small_appliances_home_oven_and_coffee,5,5,5,2,2,3213.64,3024.90,188.74,642.728,5.8730909498263655,0.3256267933771723,0,0
2018-02-01,2018-02,art,13,12,12,4,4,1560.83,1251.71,309.12,120.06384615384616,19.804847420923483,0.158153392385859,0,0
2018-02-01,2018-02,fashion_male_clothing,3,3,3,3,2,446.86,388.09,58.77,148.95333333333335,13.151770129346998,0.04527874587337823,0,0
2018-02-01,2018-02,industry_commerce_and_business,37,29,28,21,10,5521.50,4735.59,785.91,149.22972972972974,14.233632165172507,0.5594740977931744,0,0
2018-08-01,2018-08,perfumery,223,207,206,116,54,28660.53,25017.69,3642.84,128.52255605381166,12.71030228680349,2.8566020179217664,0,0
2018-08-01,2018-08,pc_gamer,1,1,1,1,1,238.63,219.00,19.63,238.63,8.226124125214767,0.02378431032282624,0,1
2018-08-01,2018-08,baby,217,206,206,140,70,26771.31,22004.15,4767.16,123.37009216589861,17.806973211247414,2.6683029995749963,0,0
2018-08-01,2018-08,audio,26,24,24,5,3,2469.10,2069.40,399.70,94.96538461538462,16.188084727228546,0.2460957994304583,0,0
2018-08-01,2018-08,construction_tools_construction,162,124,124,98,51,25925.05,22917.16,3007.89,160.03117283950618,11.602253418990513,2.5839560588978183,0,0
2018-08-01,2018-08,luggage_accessories,66,64,64,50,24,8256.81,6847.91,1408.90,125.10318181818182,17.06349062168077,0.8229582672615133,0,0
2018-08-01,2018-08,signaling_and_security,22,16,16,15,11,2158.67,1825.59,333.08,98.12136363636364,15.429871170674534,0.21515516558930275,0,0
2018-08-01,2018-08,food_drink,21,16,16,16,10,1340.39,1028.61,311.78,63.82809523809524,23.260394362834695,0.13359699833890568,0,0
2018-08-01,2018-08,books_technical,29,28,28,21,9,1861.38,1483.79,377.59,64.18551724137932,20.285487111712815,0.18552419875414786,0,0
2018-08-01,2018-08,furniture_bedroom,12,10,9,8,6,2819.88,2197.00,622.88,234.99,22.088883214888575,0.28105812761652454,0,0
2018-08-01,2018-08,industry_commerce_and_business,10,9,9,9,7,2744.05,2364.69,379.36,274.405,13.824820976294163,0.2735001330149241,0,0
2018-08-01,2018-08,books_imported,1,1,1,1,1,804.96,749.00,55.96,804.96,6.951898230967998,0.0802305596004786,0,0
2018-08-01,2018-08,food,116,103,103,28,23,9676.42,8256.18,1420.24,83.41741379310345,14.67732901217599,0.9644511423291383,0,0
2018-08-01,2018-08,kitchen_dining_laundry_garden_furniture,21,20,20,15,11,2756.02,2156.47,599.55,131.23904761904762,21.75419626853216,0.274693185835459,0,0
2018-08-01,2018-08,fashion_shoes,3,3,3,3,2,577.21,471.30,105.91,192.40333333333334,18.34860795897507,0.05753066153224043,0,0
2018-08-01,2018-08,consoles_games,62,56,56,27,18,5828.24,4824.49,1003.75,94.00387096774193,17.2221802808395,0.5809021028198835,0,0
2018-08-01,2018-08,construction_tools_safety,26,22,22,20,13,4596.59,4070.12,526.47,176.79192307692307,11.453490522321982,0.4581432468122192,0,0
2018-08-01,2018-08,construction_tools_lights,62,56,56,36,16,9888.59,8212.53,1676.06,159.4933870967742,16.949433640185305,0.9855981779960454,0,0
2018-08-01,2018-08,home_construction,49,45,45,33,14,8312.99,7016.16,1296.83,169.65285714285713,15.600042824543275,0.8285577415687521,0,0
2018-08-01,2018-08,christmas_supplies,11,11,11,7,4,778.71,564.37,214.34,70.79181818181819,27.525009310269546,0.07761421569579693,0,0
2018-08-01,2018-08,air_conditioning,21,17,17,14,13,4007.82,3556.90,450.92,190.84857142857143,11.251004286619658,0.39946039725947896,0,0
2018-08-01,2018-08,sports_leisure,475,436,433,325,153,60374.75,51500.16,8874.59,127.10473684210527,14.699174737783594,6.017566063206862,0,0
2018-08-01,2018-08,books_general_interest,36,34,34,30,11,2076.99,1564.78,512.21,57.69416666666667,24.66116832531693,0.20701410006037327,0,0
2018-08-01,2018-08,costruction_tools_tools,14,14,14,14,11,1497.04,1255.77,241.27,106.93142857142857,16.116469833805375,0.14921034205960607,0,0
2018-08-01,2018-08,computers_accessories,419,384,383,194,81,48190.39,40293.93,7896.46,115.01286396181385,16.385964089520755,4.803147929170777,0,0
2018-08-01,2018-08,housewares,629,562,560,394,181,74238.89,60202.67,14036.22,118.0268521462639,18.906829021824006,7.399408279688898,0,0
2018-08-01,2018-08,telephony,277,246,243,135,44,42480.90,37541.89,4939.01,153.3606498194946,11.626425052199929,4.234081667824453,0,0
2018-08-01,2018-08,home_confort,16,15,15,13,5,2571.88,2241.28,330.60,160.7425,12.854410003577149,0.25633990710753196,0,0
2018-08-01,2018-08,fixed_telephony,10,10,10,7,4,2891.02,2724.17,166.85,289.102,5.771319465102282,0.2881486687738219,0,0
2018-08-01,2018-08,drinks,30,25,25,14,10,1918.02,1477.23,440.79,63.934,22.981512184440206,0.19116952137362103,0,0
2018-08-01,2018-08,fashion_sport,1,1,1,1,1,83.05,69.90,13.15,83.05,15.833835039133053,0.008277613763192889,0,0
2018-08-01,2018-08,health_beauty,849,778,778,466,180,137206.07,120803.94,16402.13,161.60903415783275,11.954376362503496,13.675362473517243,0,0
2018-08-01,2018-08,furniture_decor,433,344,341,267,105,51976.65,41380.15,10596.50,120.03845265588915,20.387039180093367,5.1805253871723025,0,0
2018-08-01,2018-08,musical_instruments,41,39,39,34,16,11705.45,10519.34,1186.11,285.4987804878049,10.132972247969962,1.1666850574878531,0,0
2018-08-01,2018-08,electronics,120,115,115,89,45,12967.37,10769.47,2197.90,108.06141666666667,16.949466237178395,1.2924609317810305,0,0
2018-08-01,2018-08,office_furniture,30,24,24,17,7,8386.67,6758.87,1627.80,279.55566666666664,19.409372253826607,0.8359014451457786,0,0
2018-08-01,2018-08,computers,12,10,10,6,4,9228.25,8711.50,516.75,769.0208333333334,5.599653238696394,0.9197819290810931,0,0
2018-08-01,2018-08,fashion_underwear_beach,2,2,2,2,2,246.76,219.90,26.86,123.38,10.88507051385962,0.02459462940644765,0,0
2018-08-01,2018-08,watches_gifts,416,392,389,205,36,79391.86,72277.06,7114.80,190.8458173076923,8.961624025435354,7.91300605685109,0,0
2018-08-01,2018-08,garden_tools,138,122,122,76,45,20388.16,16432.34,3955.82,147.74028985507246,19.402535589283193,2.032092881663802,0,0
2018-08-01,2018-08,cool_stuff,123,120,120,71,51,19091.64,16354.58,2737.06,155.21658536585366,14.336432071838773,1.902868416928644,0,0
2018-08-01,2018-08,home_appliances_2,15,15,15,11,9,10667.72,9882.76,784.96,711.1813333333333,7.358273370504663,1.0632542551943174,0,0
2018-08-01,2018-08,cine_photo,10,9,9,6,4,818.29,685.28,133.01,81.829,16.254628554668884,0.08155916395283697,0,0
2018-08-01,2018-08,music,6,6,6,6,4,582.61,497.81,84.80,97.10166666666667,14.555191294347848,0.05806888084977495,0,0
2018-08-01,2018-08,diapers_and_hygiene,3,3,3,3,2,276.93,231.89,45.04,92.31,16.264037843498357,0.027601680667561794,0,0
2018-08-01,2018-08,bed_bath_table,658,558,558,427,89,75207.83,61035.88,14171.95,114.29761398176292,18.843716139662586,7.495982765898508,0,0
2018-08-01,2018-08,stationery,170,159,159,124,59,18980.61,15563.65,3416.96,111.65064705882352,18.002371894264726,1.8918020297386706,0,0
2018-08-01,2018-08,home_appliances,65,64,61,51,12,7933.85,6584.40,1349.45,122.05923076923077,17.008766235812374,0.7907687652631897,0,0
2018-08-01,2018-08,art,18,18,18,4,4,1775.90,1481.39,294.51,98.66111111111111,16.58370403738949,0.17700438629806445,0,0
2018-08-01,2018-08,fashion_male_clothing,3,3,3,3,3,466.98,381.69,85.29,155.66,18.264165488886032,0.04654401053745714,0,0
2018-08-01,2018-08,market_place,8,8,8,7,7,1107.97,949.27,158.70,138.49625,14.323492513335198,0.11043164023124413,0,0
2018-08-01,2018-08,auto,377,352,352,247,119,53075.08,45380.89,7694.19,140.78270557029177,14.496803396245468,5.290006173275902,0,0
2018-08-01,2018-08,party_supplies,14,14,14,12,7,1590.42,1285.29,305.13,113.60142857142857,19.18549817029464,0.15851754944319368,0,0
2018-08-01,2018-08,pet_shop,199,167,166,115,48,28784.18,24857.07,3927.11,144.64412060301507,13.643292947723367,2.868926243590867,0,0
2018-08-01,2018-08,small_appliances,25,25,25,20,19,7486.00,6759.06,726.94,299.44,9.710659898477157,0.7461314464932206,0,0
2018-08-01,2018-08,unknown,32,30,30,23,16,2929.00,2419.04,509.96,91.53125,17.410720382383065,0.29193414464048134,32,0
2018-08-01,2018-08,agro_industry_and_commerce,18,14,14,13,12,5543.74,5021.09,522.65,307.98555555555555,9.427750940700683,0.5525459184053335,0,0
2018-08-01,2018-08,dvds_blu_ray,1,1,1,1,1,16.29,8.90,7.39,16.29,45.365254757519956,0.0016236282745624585,0,0
2018-08-01,2018-08,fashion_bags_accessories,127,122,122,75,36,10035.75,8177.43,1858.32,79.02165354330708,18.51700171885509,1.0002656511013008,0,0
2018-08-01,2018-08,costruction_tools_garden,23,19,19,16,10,4294.49,3688.76,605.73,186.71695652173912,14.104818034271823,0.4280328661034826,0,0
2018-08-01,2018-08,furniture_living_room,40,38,38,27,15,6690.29,5223.34,1466.95,167.25725,21.926553258528404,0.6668228366496298,0,0
2018-08-01,2018-08,arts_and_craftmanship,9,9,8,8,7,1069.05,901.76,167.29,118.78333333333333,15.648472943267388,0.10655247433523611,0,0
2018-08-01,2018-08,small_appliances_home_oven_and_coffee,17,17,17,14,5,3391.13,2996.72,394.41,199.47823529411764,11.63063639553777,0.33799475449459726,0,0
2018-08-01,2018-08,toys,170,155,155,125,79,21074.27,17753.05,3321.22,123.96629411764705,15.759596892324147,2.1004776327663217,0,0
2018-08-01,2018-08,portateis_cozinha_e_preparadores_de_alimentos,5,5,5,5,4,1955.80,1838.50,117.30,391.16,5.997545761325289,0.19493506319148288,0,5
2018-08-01,2018-08,fashio_female_clothing,3,2,2,3,1,169.13,129.97,39.16,56.376666666666665,23.15378702773015,0.016857228365669035,0,0
